tool		Apalache v0.30.2-2-g353ad9df2	Apalache v0.30.2-2-g353ad9df2	Apalache v0.30.2-2-g353ad9df2	Apalache v0.30.2-2-g353ad9df2
run set		[Cmd-arrays-true-before.task-MC10_FALSE_FALSE.tla; Cmd-funArrays-true-before.task-MC10_FALSE_FALSE.tla; Cmd-oopsla19-true-before.task-MC10_FALSE_FALSE.tla; Cmd-arrays-true-before.task-MC10_TRUE_TRUE.tla; Cmd-funArrays-true-before.task-MC10_TRUE_TRUE.tla; Cmd-oopsla19-true-before.task-MC10_TRUE_TRUE.tla; Cmd-arrays-true-before.task-MC4_FALSE_FALSE.tla; Cmd-funArrays-true-before.task-MC4_FALSE_FALSE.tla; Cmd-oopsla19-true-before.task-MC4_FALSE_FALSE.tla; Cmd-arrays-true-before.task-MC4_TRUE_TRUE.tla; Cmd-funArrays-true-before.task-MC4_TRUE_TRUE.tla; Cmd-oopsla19-true-before.task-MC4_TRUE_TRUE.tla; Cmd-arrays-true-before.task-MC10.tla; Cmd-funArrays-true-before.task-MC10.tla; Cmd-oopsla19-true-before.task-MC10.tla; Cmd-arrays-true-before.task-MC19.tla; Cmd-funArrays-true-before.task-MC19.tla; Cmd-oopsla19-true-before.task-MC19.tla; Cmd-arrays-true-before.task-MC4.tla; Cmd-funArrays-true-before.task-MC4.tla; Cmd-oopsla19-true-before.task-MC4.tla; Cmd-arrays-true-before.task-MC3.tla; Cmd-funArrays-true-before.task-MC3.tla; Cmd-oopsla19-true-before.task-MC3.tla; Cmd-arrays-true-before.task-MC5.tla; Cmd-funArrays-true-before.task-MC5.tla; Cmd-oopsla19-true-before.task-MC5.tla; Cmd-arrays-true-before.task-MC13_4_4_floodmin_k1.tla; Cmd-funArrays-true-before.task-MC13_4_4_floodmin_k1.tla; Cmd-oopsla19-true-before.task-MC13_4_4_floodmin_k1.tla; Cmd-arrays-true-before.task-MC20.tla; Cmd-funArrays-true-before.task-MC20.tla; Cmd-oopsla19-true-before.task-MC20.tla; Cmd-arrays-true-before.task-Royal.tla; Cmd-funArrays-true-before.task-Royal.tla; Cmd-oopsla19-true-before.task-Royal.tla]	[Cmd-arrays-true-before.task-MC10_FALSE_FALSE.tla; Cmd-funArrays-true-before.task-MC10_FALSE_FALSE.tla; Cmd-oopsla19-true-before.task-MC10_FALSE_FALSE.tla; Cmd-arrays-true-before.task-MC10_TRUE_TRUE.tla; Cmd-funArrays-true-before.task-MC10_TRUE_TRUE.tla; Cmd-oopsla19-true-before.task-MC10_TRUE_TRUE.tla; Cmd-arrays-true-before.task-MC4_FALSE_FALSE.tla; Cmd-funArrays-true-before.task-MC4_FALSE_FALSE.tla; Cmd-oopsla19-true-before.task-MC4_FALSE_FALSE.tla; Cmd-arrays-true-before.task-MC4_TRUE_TRUE.tla; Cmd-funArrays-true-before.task-MC4_TRUE_TRUE.tla; Cmd-oopsla19-true-before.task-MC4_TRUE_TRUE.tla; Cmd-arrays-true-before.task-MC10.tla; Cmd-funArrays-true-before.task-MC10.tla; Cmd-oopsla19-true-before.task-MC10.tla; Cmd-arrays-true-before.task-MC19.tla; Cmd-funArrays-true-before.task-MC19.tla; Cmd-oopsla19-true-before.task-MC19.tla; Cmd-arrays-true-before.task-MC4.tla; Cmd-funArrays-true-before.task-MC4.tla; Cmd-oopsla19-true-before.task-MC4.tla; Cmd-arrays-true-before.task-MC3.tla; Cmd-funArrays-true-before.task-MC3.tla; Cmd-oopsla19-true-before.task-MC3.tla; Cmd-arrays-true-before.task-MC5.tla; Cmd-funArrays-true-before.task-MC5.tla; Cmd-oopsla19-true-before.task-MC5.tla; Cmd-arrays-true-before.task-MC13_4_4_floodmin_k1.tla; Cmd-funArrays-true-before.task-MC13_4_4_floodmin_k1.tla; Cmd-oopsla19-true-before.task-MC13_4_4_floodmin_k1.tla; Cmd-arrays-true-before.task-MC20.tla; Cmd-funArrays-true-before.task-MC20.tla; Cmd-oopsla19-true-before.task-MC20.tla; Cmd-arrays-true-before.task-Royal.tla; Cmd-funArrays-true-before.task-Royal.tla; Cmd-oopsla19-true-before.task-Royal.tla]	[Cmd-arrays-true-before.task-MC10_FALSE_FALSE.tla; Cmd-funArrays-true-before.task-MC10_FALSE_FALSE.tla; Cmd-oopsla19-true-before.task-MC10_FALSE_FALSE.tla; Cmd-arrays-true-before.task-MC10_TRUE_TRUE.tla; Cmd-funArrays-true-before.task-MC10_TRUE_TRUE.tla; Cmd-oopsla19-true-before.task-MC10_TRUE_TRUE.tla; Cmd-arrays-true-before.task-MC4_FALSE_FALSE.tla; Cmd-funArrays-true-before.task-MC4_FALSE_FALSE.tla; Cmd-oopsla19-true-before.task-MC4_FALSE_FALSE.tla; Cmd-arrays-true-before.task-MC4_TRUE_TRUE.tla; Cmd-funArrays-true-before.task-MC4_TRUE_TRUE.tla; Cmd-oopsla19-true-before.task-MC4_TRUE_TRUE.tla; Cmd-arrays-true-before.task-MC10.tla; Cmd-funArrays-true-before.task-MC10.tla; Cmd-oopsla19-true-before.task-MC10.tla; Cmd-arrays-true-before.task-MC19.tla; Cmd-funArrays-true-before.task-MC19.tla; Cmd-oopsla19-true-before.task-MC19.tla; Cmd-arrays-true-before.task-MC4.tla; Cmd-funArrays-true-before.task-MC4.tla; Cmd-oopsla19-true-before.task-MC4.tla; Cmd-arrays-true-before.task-MC3.tla; Cmd-funArrays-true-before.task-MC3.tla; Cmd-oopsla19-true-before.task-MC3.tla; Cmd-arrays-true-before.task-MC5.tla; Cmd-funArrays-true-before.task-MC5.tla; Cmd-oopsla19-true-before.task-MC5.tla; Cmd-arrays-true-before.task-MC13_4_4_floodmin_k1.tla; Cmd-funArrays-true-before.task-MC13_4_4_floodmin_k1.tla; Cmd-oopsla19-true-before.task-MC13_4_4_floodmin_k1.tla; Cmd-arrays-true-before.task-MC20.tla; Cmd-funArrays-true-before.task-MC20.tla; Cmd-oopsla19-true-before.task-MC20.tla; Cmd-arrays-true-before.task-Royal.tla; Cmd-funArrays-true-before.task-Royal.tla; Cmd-oopsla19-true-before.task-Royal.tla]	[Cmd-arrays-true-before.task-MC10_FALSE_FALSE.tla; Cmd-funArrays-true-before.task-MC10_FALSE_FALSE.tla; Cmd-oopsla19-true-before.task-MC10_FALSE_FALSE.tla; Cmd-arrays-true-before.task-MC10_TRUE_TRUE.tla; Cmd-funArrays-true-before.task-MC10_TRUE_TRUE.tla; Cmd-oopsla19-true-before.task-MC10_TRUE_TRUE.tla; Cmd-arrays-true-before.task-MC4_FALSE_FALSE.tla; Cmd-funArrays-true-before.task-MC4_FALSE_FALSE.tla; Cmd-oopsla19-true-before.task-MC4_FALSE_FALSE.tla; Cmd-arrays-true-before.task-MC4_TRUE_TRUE.tla; Cmd-funArrays-true-before.task-MC4_TRUE_TRUE.tla; Cmd-oopsla19-true-before.task-MC4_TRUE_TRUE.tla; Cmd-arrays-true-before.task-MC10.tla; Cmd-funArrays-true-before.task-MC10.tla; Cmd-oopsla19-true-before.task-MC10.tla; Cmd-arrays-true-before.task-MC19.tla; Cmd-funArrays-true-before.task-MC19.tla; Cmd-oopsla19-true-before.task-MC19.tla; Cmd-arrays-true-before.task-MC4.tla; Cmd-funArrays-true-before.task-MC4.tla; Cmd-oopsla19-true-before.task-MC4.tla; Cmd-arrays-true-before.task-MC3.tla; Cmd-funArrays-true-before.task-MC3.tla; Cmd-oopsla19-true-before.task-MC3.tla; Cmd-arrays-true-before.task-MC5.tla; Cmd-funArrays-true-before.task-MC5.tla; Cmd-oopsla19-true-before.task-MC5.tla; Cmd-arrays-true-before.task-MC13_4_4_floodmin_k1.tla; Cmd-funArrays-true-before.task-MC13_4_4_floodmin_k1.tla; Cmd-oopsla19-true-before.task-MC13_4_4_floodmin_k1.tla; Cmd-arrays-true-before.task-MC20.tla; Cmd-funArrays-true-before.task-MC20.tla; Cmd-oopsla19-true-before.task-MC20.tla; Cmd-arrays-true-before.task-Royal.tla; Cmd-funArrays-true-before.task-Royal.tla; Cmd-oopsla19-true-before.task-Royal.tla]
/home/runner/work/apalache-bench/apalache-bench/examples/target/scala-2.13/resource_managed/main/		status	cputime (s)	walltime (s)	memory (MB)
005examples-apalache-001-run-2PCwithBTM-MC10_FALSE_FALSE.tla-Init-Next-Some(Consistency)-task-MC10_FALSE_FALSE.tla.yml	-0	ERROR (1)	0.742838	0.7341825649999691	54.812672
005examples-apalache-001-run-2PCwithBTM-MC10_FALSE_FALSE.tla-Init-Next-Some(Consistency)-task-MC10_FALSE_FALSE.tla.yml	-1	ERROR (1)	0.739721	0.7470509409999977	55.238656
005examples-apalache-001-run-2PCwithBTM-MC10_FALSE_FALSE.tla-Init-Next-Some(Consistency)-task-MC10_FALSE_FALSE.tla.yml	-2	ERROR (1)	0.7534854	0.7729945970000927	55.205888
005examples-apalache-001-run-2PCwithBTM-MC10_TRUE_TRUE.tla-Init-Next-Some(Consistency)-task-MC10_TRUE_TRUE.tla.yml	-3	ERROR (1)	0.7507393	0.7366329879999967	55.373824
005examples-apalache-001-run-2PCwithBTM-MC10_TRUE_TRUE.tla-Init-Next-Some(Consistency)-task-MC10_TRUE_TRUE.tla.yml	-4	ERROR (1)	0.7565122	0.7647169729999632	55.164928
005examples-apalache-001-run-2PCwithBTM-MC10_TRUE_TRUE.tla-Init-Next-Some(Consistency)-task-MC10_TRUE_TRUE.tla.yml	-5	ERROR (1)	0.7557039	0.760801119000007	55.214080
005examples-apalache-001-run-2PCwithBTM-MC4_FALSE_FALSE.tla-Init-Next-Some(Consistency)-task-MC4_FALSE_FALSE.tla.yml	-6	ERROR (1)	0.7461088	0.7385629039999912	55.635968
005examples-apalache-001-run-2PCwithBTM-MC4_FALSE_FALSE.tla-Init-Next-Some(Consistency)-task-MC4_FALSE_FALSE.tla.yml	-7	ERROR (1)	0.747412	0.7575647639999943	53.923840
005examples-apalache-001-run-2PCwithBTM-MC4_FALSE_FALSE.tla-Init-Next-Some(Consistency)-task-MC4_FALSE_FALSE.tla.yml	-8	ERROR (1)	0.7417212	0.7481390450000163	54.517760
005examples-apalache-001-run-2PCwithBTM-MC4_TRUE_TRUE.tla-Init-Next-Some(Consistency)-task-MC4_TRUE_TRUE.tla.yml	-9	ERROR (1)	0.7268224	0.6802313260000119	54.456320
005examples-apalache-001-run-2PCwithBTM-MC4_TRUE_TRUE.tla-Init-Next-Some(Consistency)-task-MC4_TRUE_TRUE.tla.yml	-10	ERROR (1)	0.7480234	0.7495144759999448	55.402496
005examples-apalache-001-run-2PCwithBTM-MC4_TRUE_TRUE.tla-Init-Next-Some(Consistency)-task-MC4_TRUE_TRUE.tla.yml	-11	ERROR (1)	0.7559668	0.7619465459999901	55.730176
005examples-apalache-001-run-aba_asyn_byz-MC10.tla-Init-Next-None-task-MC10.tla.yml	-12	ERROR (1)	0.757398	0.7503521759999785	53.862400
005examples-apalache-001-run-aba_asyn_byz-MC10.tla-Init-Next-None-task-MC10.tla.yml	-13	ERROR (1)	0.7372722	0.7456680609999466	55.001088
005examples-apalache-001-run-aba_asyn_byz-MC10.tla-Init-Next-None-task-MC10.tla.yml	-14	ERROR (1)	0.7557639	0.7672708750000083	53.882880
005examples-apalache-001-run-aba_asyn_byz-MC19.tla-Init-Next-None-task-MC19.tla.yml	-15	ERROR (1)	0.7523815	0.7472388990000809	57.057280
005examples-apalache-001-run-aba_asyn_byz-MC19.tla-Init-Next-None-task-MC19.tla.yml	-16	ERROR (1)	0.754879	0.766395862999957	54.681600
005examples-apalache-001-run-aba_asyn_byz-MC19.tla-Init-Next-None-task-MC19.tla.yml	-17	ERROR (1)	0.7465738	0.763332319999904	55.103488
005examples-apalache-001-run-aba_asyn_byz-MC4.tla-Init-Next-None-task-MC4.tla.yml	-18	ERROR (1)	0.7406663	0.7619219340000427	54.743040
005examples-apalache-001-run-aba_asyn_byz-MC4.tla-Init-Next-None-task-MC4.tla.yml	-19	ERROR (1)	0.7347947	0.7598831059999611	54.464512
005examples-apalache-001-run-aba_asyn_byz-MC4.tla-Init-Next-None-task-MC4.tla.yml	-20	ERROR (1)	0.7449512	0.7735568939999666	55.087104
005examples-apalache-001-run-bakery-MC10.tla-Init-Next-Some(Inv)-task-MC10.tla.yml	-21	ERROR (1)	0.7530128	0.7488011510000661	55.541760
005examples-apalache-001-run-bakery-MC10.tla-Init-Next-Some(Inv)-task-MC10.tla.yml	-22	ERROR (1)	0.7516951	0.711342037999998	53.850112
005examples-apalache-001-run-bakery-MC10.tla-Init-Next-Some(Inv)-task-MC10.tla.yml	-23	ERROR (1)	0.744069	0.7324716239999134	55.119872
005examples-apalache-001-run-bakery-MC10.tla-Init-Next-Some(MutualExclusion)-task-MC10.tla.yml	-24	ERROR (1)	0.7351959	0.7015535780000164	54.833152
005examples-apalache-001-run-bakery-MC10.tla-Init-Next-Some(MutualExclusion)-task-MC10.tla.yml	-25	ERROR (1)	0.7480386	0.7755634879999889	56.995840
005examples-apalache-001-run-bakery-MC10.tla-Init-Next-Some(MutualExclusion)-task-MC10.tla.yml	-26	ERROR (1)	0.7317055	0.7374092669999754	55.074816
005examples-apalache-001-run-bakery-MC10.tla-Inv-Next-Some(Inv)-task-MC10.tla.yml	-27	ERROR (1)	0.7428495	0.6927081549999912	53.788672
005examples-apalache-001-run-bakery-MC10.tla-Inv-Next-Some(Inv)-task-MC10.tla.yml	-28	ERROR (1)	0.7450767	0.7397825980000334	55.226368
005examples-apalache-001-run-bakery-MC10.tla-Inv-Next-Some(Inv)-task-MC10.tla.yml	-29	ERROR (1)	0.7558562	0.764869138999984	53.776384
005examples-apalache-001-run-bakery-MC3.tla-Init-Next-Some(Inv)-task-MC3.tla.yml	-30	ERROR (1)	0.7447586	0.7732972789999621	54.398976
005examples-apalache-001-run-bakery-MC3.tla-Init-Next-Some(Inv)-task-MC3.tla.yml	-31	ERROR (1)	0.7487477	0.769817431999968	54.943744
005examples-apalache-001-run-bakery-MC3.tla-Init-Next-Some(Inv)-task-MC3.tla.yml	-32	ERROR (1)	0.7458029	0.7764511220000259	53.817344
005examples-apalache-001-run-bakery-MC3.tla-Init-Next-Some(MutualExclusion)-task-MC3.tla.yml	-33	ERROR (1)	0.749429	0.7096847809999645	55.259136
005examples-apalache-001-run-bakery-MC3.tla-Init-Next-Some(MutualExclusion)-task-MC3.tla.yml	-34	ERROR (1)	0.7552633	0.7429131389999384	55.214080
005examples-apalache-001-run-bakery-MC3.tla-Init-Next-Some(MutualExclusion)-task-MC3.tla.yml	-35	ERROR (1)	0.7421022	0.7368742229999725	55.070720
005examples-apalache-001-run-bakery-MC3.tla-Inv-Next-Some(Inv)-task-MC3.tla.yml	-36	ERROR (1)	0.7400081	0.7434461709999596	55.123968
005examples-apalache-001-run-bakery-MC3.tla-Inv-Next-Some(Inv)-task-MC3.tla.yml	-37	ERROR (1)	0.7432431	0.7612519140000131	55.304192
005examples-apalache-001-run-bakery-MC3.tla-Inv-Next-Some(Inv)-task-MC3.tla.yml	-38	ERROR (1)	0.7400322	0.7458219029999782	54.325248
005examples-apalache-001-run-bakery-MC5.tla-Init-Next-Some(Inv)-task-MC5.tla.yml	-39	ERROR (1)	0.7359286	0.7161730980000129	53.649408
005examples-apalache-001-run-bakery-MC5.tla-Init-Next-Some(Inv)-task-MC5.tla.yml	-40	ERROR (1)	0.7608022	0.7617355259999385	53.960704
005examples-apalache-001-run-bakery-MC5.tla-Init-Next-Some(Inv)-task-MC5.tla.yml	-41	ERROR (1)	0.7312002	0.7257885359999818	55.132160
005examples-apalache-001-run-bakery-MC5.tla-Init-Next-Some(MutualExclusion)-task-MC5.tla.yml	-42	ERROR (1)	0.7688879	0.7630131170000141	53.985280
005examples-apalache-001-run-bakery-MC5.tla-Init-Next-Some(MutualExclusion)-task-MC5.tla.yml	-43	ERROR (1)	0.769934	0.7838438009999891	53.944320
005examples-apalache-001-run-bakery-MC5.tla-Init-Next-Some(MutualExclusion)-task-MC5.tla.yml	-44	ERROR (1)	0.7508714	0.7599738749999005	54.927360
005examples-apalache-001-run-bakery-MC5.tla-Inv-Next-Some(Inv)-task-MC5.tla.yml	-45	ERROR (1)	0.7481993	0.7264381449999746	55.308288
005examples-apalache-001-run-bakery-MC5.tla-Inv-Next-Some(Inv)-task-MC5.tla.yml	-46	ERROR (1)	0.7498665	0.7235841059999757	54.087680
005examples-apalache-001-run-bakery-MC5.tla-Inv-Next-Some(Inv)-task-MC5.tla.yml	-47	ERROR (1)	0.7635521	0.7383027070000026	53.907456
005examples-apalache-001-run-changRoberts-MC10.tla-Init-Next-Some(Correctness)-task-MC10.tla.yml	-48	ERROR (1)	0.7602071	0.7552073100000598	55.152640
005examples-apalache-001-run-changRoberts-MC10.tla-Init-Next-Some(Correctness)-task-MC10.tla.yml	-49	ERROR (1)	0.7390928	0.7537169890000541	55.160832
005examples-apalache-001-run-changRoberts-MC10.tla-Init-Next-Some(Correctness)-task-MC10.tla.yml	-50	ERROR (1)	0.7416719	0.7441518589999987	55.123968
005examples-apalache-001-run-changRoberts-MC4.tla-Init-Next-Some(Correctness)-task-MC4.tla.yml	-51	ERROR (1)	0.7208154	0.827488494000022	54.509568
005examples-apalache-001-run-changRoberts-MC4.tla-Init-Next-Some(Correctness)-task-MC4.tla.yml	-52	ERROR (1)	0.7188391	0.6839516350000849	54.792192
005examples-apalache-001-run-changRoberts-MC4.tla-Init-Next-Some(Correctness)-task-MC4.tla.yml	-53	ERROR (1)	0.7481748	0.7541748940000161	54.349824
005examples-apalache-001-run-ewd998-MC10.tla-Init-Next-Some(TerminationDetection)-task-MC10.tla.yml	-54	ERROR (1)	0.7348889	0.7126528290000351	54.288384
005examples-apalache-001-run-ewd998-MC10.tla-Init-Next-Some(TerminationDetection)-task-MC10.tla.yml	-55	ERROR (1)	0.735664	0.7204237810000222	55.123968
005examples-apalache-001-run-ewd998-MC10.tla-Init-Next-Some(TerminationDetection)-task-MC10.tla.yml	-56	ERROR (1)	0.7223765	0.6870639640000036	53.645312
005examples-apalache-001-run-ewd998-MC4.tla-Init-Next-Some(TerminationDetection)-task-MC4.tla.yml	-57	ERROR (1)	0.7437555	0.7460540850000825	55.115776
005examples-apalache-001-run-ewd998-MC4.tla-Init-Next-Some(TerminationDetection)-task-MC4.tla.yml	-58	ERROR (1)	0.7395062	0.7451783729999306	55.185408
005examples-apalache-001-run-ewd998-MC4.tla-Init-Next-Some(TerminationDetection)-task-MC4.tla.yml	-59	ERROR (1)	0.7535733	0.7540948939999907	55.017472
005examples-apalache-001-run-floodmin-MC13_4_4_floodmin_k1.tla-Init-Next-Some(ValidityInv)-task-MC13_4_4_floodmin_k1.tla.yml	-60	ERROR (1)	0.7501616	0.7633372239999971	54.972416
005examples-apalache-001-run-floodmin-MC13_4_4_floodmin_k1.tla-Init-Next-Some(ValidityInv)-task-MC13_4_4_floodmin_k1.tla.yml	-61	ERROR (1)	0.7376579	0.7373413689999779	53.792768
005examples-apalache-001-run-floodmin-MC13_4_4_floodmin_k1.tla-Init-Next-Some(ValidityInv)-task-MC13_4_4_floodmin_k1.tla.yml	-62	ERROR (1)	0.7407909	0.708061669000017	56.811520
005examples-apalache-001-run-paxos-MC3.tla-Init-Next-Some(V!OneValuePerBallot)-task-MC3.tla.yml	-63	ERROR (1)	0.7586027	0.81366849799997	55.230464
005examples-apalache-001-run-paxos-MC3.tla-Init-Next-Some(V!OneValuePerBallot)-task-MC3.tla.yml	-64	ERROR (1)	0.7388942	0.698534675000019	54.165504
005examples-apalache-001-run-paxos-MC3.tla-Init-Next-Some(V!OneValuePerBallot)-task-MC3.tla.yml	-65	ERROR (1)	0.7398201	0.6969291450000128	55.001088
005examples-apalache-001-run-readersWriters-MC10.tla-Init-Next-Some(Safety)-task-MC10.tla.yml	-66	ERROR (1)	0.7518962	0.7332122079999408	54.480896
005examples-apalache-001-run-readersWriters-MC10.tla-Init-Next-Some(Safety)-task-MC10.tla.yml	-67	ERROR (1)	0.7418972	0.7272344540000404	54.603776
005examples-apalache-001-run-readersWriters-MC10.tla-Init-Next-Some(Safety)-task-MC10.tla.yml	-68	ERROR (1)	0.7269162	0.6669207190000179	55.152640
005examples-apalache-001-run-readersWriters-MC20.tla-Init-Next-Some(Safety)-task-MC20.tla.yml	-69	ERROR (1)	0.7639951	0.7144881409999471	55.193600
005examples-apalache-001-run-readersWriters-MC20.tla-Init-Next-Some(Safety)-task-MC20.tla.yml	-70	ERROR (1)	0.7448793	0.7788706119999915	55.148544
005examples-apalache-001-run-readersWriters-MC20.tla-Init-Next-Some(Safety)-task-MC20.tla.yml	-71	ERROR (1)	0.7626281	0.7791209139999182	57.233408
005examples-apalache-001-run-readersWriters-MC4.tla-Init-Next-Some(Safety)-task-MC4.tla.yml	-72	ERROR (1)	0.7371364	0.7215903000000026	54.976512
005examples-apalache-001-run-readersWriters-MC4.tla-Init-Next-Some(Safety)-task-MC4.tla.yml	-73	ERROR (1)	0.7519418	0.7434198019999485	54.857728
005examples-apalache-001-run-readersWriters-MC4.tla-Init-Next-Some(Safety)-task-MC4.tla.yml	-74	ERROR (1)	0.747779	0.7350311480000755	54.886400
005examples-apalache-001-run-royal-Royal.tla-Init-Next-Some(ContractCantGoNegative)-task-Royal.tla.yml	-75	ERROR (1)	0.7617893	0.7810679359999995	55.296000
005examples-apalache-001-run-royal-Royal.tla-Init-Next-Some(ContractCantGoNegative)-task-Royal.tla.yml	-76	ERROR (1)	0.7437949	0.7324596370000336	54.874112
005examples-apalache-001-run-royal-Royal.tla-Init-Next-Some(ContractCantGoNegative)-task-Royal.tla.yml	-77	ERROR (1)	0.7490838	0.7370537299999569	54.792192
