tool		Apalache v0.30.1-21-g10aba2073	Apalache v0.30.1-21-g10aba2073	Apalache v0.30.1-21-g10aba2073	Apalache v0.30.1-21-g10aba2073
run set		[Cmd-arrays-true-before.task-MC10_FALSE_FALSE.tla; Cmd-funArrays-true-before.task-MC10_FALSE_FALSE.tla; Cmd-oopsla19-true-before.task-MC10_FALSE_FALSE.tla; Cmd-arrays-true-before.task-MC10_TRUE_TRUE.tla; Cmd-funArrays-true-before.task-MC10_TRUE_TRUE.tla; Cmd-oopsla19-true-before.task-MC10_TRUE_TRUE.tla; Cmd-arrays-true-before.task-MC4_FALSE_FALSE.tla; Cmd-funArrays-true-before.task-MC4_FALSE_FALSE.tla; Cmd-oopsla19-true-before.task-MC4_FALSE_FALSE.tla; Cmd-arrays-true-before.task-MC4_TRUE_TRUE.tla; Cmd-funArrays-true-before.task-MC4_TRUE_TRUE.tla; Cmd-oopsla19-true-before.task-MC4_TRUE_TRUE.tla; Cmd-arrays-true-before.task-MC10.tla; Cmd-funArrays-true-before.task-MC10.tla; Cmd-oopsla19-true-before.task-MC10.tla; Cmd-arrays-true-before.task-MC19.tla; Cmd-funArrays-true-before.task-MC19.tla; Cmd-oopsla19-true-before.task-MC19.tla; Cmd-arrays-true-before.task-MC4.tla; Cmd-funArrays-true-before.task-MC4.tla; Cmd-oopsla19-true-before.task-MC4.tla; Cmd-arrays-true-before.task-MC3.tla; Cmd-funArrays-true-before.task-MC3.tla; Cmd-oopsla19-true-before.task-MC3.tla; Cmd-arrays-true-before.task-MC5.tla; Cmd-funArrays-true-before.task-MC5.tla; Cmd-oopsla19-true-before.task-MC5.tla; Cmd-arrays-true-before.task-MC13_4_4_floodmin_k1.tla; Cmd-funArrays-true-before.task-MC13_4_4_floodmin_k1.tla; Cmd-oopsla19-true-before.task-MC13_4_4_floodmin_k1.tla; Cmd-arrays-true-before.task-MC20.tla; Cmd-funArrays-true-before.task-MC20.tla; Cmd-oopsla19-true-before.task-MC20.tla; Cmd-arrays-true-before.task-Royal.tla; Cmd-funArrays-true-before.task-Royal.tla; Cmd-oopsla19-true-before.task-Royal.tla]	[Cmd-arrays-true-before.task-MC10_FALSE_FALSE.tla; Cmd-funArrays-true-before.task-MC10_FALSE_FALSE.tla; Cmd-oopsla19-true-before.task-MC10_FALSE_FALSE.tla; Cmd-arrays-true-before.task-MC10_TRUE_TRUE.tla; Cmd-funArrays-true-before.task-MC10_TRUE_TRUE.tla; Cmd-oopsla19-true-before.task-MC10_TRUE_TRUE.tla; Cmd-arrays-true-before.task-MC4_FALSE_FALSE.tla; Cmd-funArrays-true-before.task-MC4_FALSE_FALSE.tla; Cmd-oopsla19-true-before.task-MC4_FALSE_FALSE.tla; Cmd-arrays-true-before.task-MC4_TRUE_TRUE.tla; Cmd-funArrays-true-before.task-MC4_TRUE_TRUE.tla; Cmd-oopsla19-true-before.task-MC4_TRUE_TRUE.tla; Cmd-arrays-true-before.task-MC10.tla; Cmd-funArrays-true-before.task-MC10.tla; Cmd-oopsla19-true-before.task-MC10.tla; Cmd-arrays-true-before.task-MC19.tla; Cmd-funArrays-true-before.task-MC19.tla; Cmd-oopsla19-true-before.task-MC19.tla; Cmd-arrays-true-before.task-MC4.tla; Cmd-funArrays-true-before.task-MC4.tla; Cmd-oopsla19-true-before.task-MC4.tla; Cmd-arrays-true-before.task-MC3.tla; Cmd-funArrays-true-before.task-MC3.tla; Cmd-oopsla19-true-before.task-MC3.tla; Cmd-arrays-true-before.task-MC5.tla; Cmd-funArrays-true-before.task-MC5.tla; Cmd-oopsla19-true-before.task-MC5.tla; Cmd-arrays-true-before.task-MC13_4_4_floodmin_k1.tla; Cmd-funArrays-true-before.task-MC13_4_4_floodmin_k1.tla; Cmd-oopsla19-true-before.task-MC13_4_4_floodmin_k1.tla; Cmd-arrays-true-before.task-MC20.tla; Cmd-funArrays-true-before.task-MC20.tla; Cmd-oopsla19-true-before.task-MC20.tla; Cmd-arrays-true-before.task-Royal.tla; Cmd-funArrays-true-before.task-Royal.tla; Cmd-oopsla19-true-before.task-Royal.tla]	[Cmd-arrays-true-before.task-MC10_FALSE_FALSE.tla; Cmd-funArrays-true-before.task-MC10_FALSE_FALSE.tla; Cmd-oopsla19-true-before.task-MC10_FALSE_FALSE.tla; Cmd-arrays-true-before.task-MC10_TRUE_TRUE.tla; Cmd-funArrays-true-before.task-MC10_TRUE_TRUE.tla; Cmd-oopsla19-true-before.task-MC10_TRUE_TRUE.tla; Cmd-arrays-true-before.task-MC4_FALSE_FALSE.tla; Cmd-funArrays-true-before.task-MC4_FALSE_FALSE.tla; Cmd-oopsla19-true-before.task-MC4_FALSE_FALSE.tla; Cmd-arrays-true-before.task-MC4_TRUE_TRUE.tla; Cmd-funArrays-true-before.task-MC4_TRUE_TRUE.tla; Cmd-oopsla19-true-before.task-MC4_TRUE_TRUE.tla; Cmd-arrays-true-before.task-MC10.tla; Cmd-funArrays-true-before.task-MC10.tla; Cmd-oopsla19-true-before.task-MC10.tla; Cmd-arrays-true-before.task-MC19.tla; Cmd-funArrays-true-before.task-MC19.tla; Cmd-oopsla19-true-before.task-MC19.tla; Cmd-arrays-true-before.task-MC4.tla; Cmd-funArrays-true-before.task-MC4.tla; Cmd-oopsla19-true-before.task-MC4.tla; Cmd-arrays-true-before.task-MC3.tla; Cmd-funArrays-true-before.task-MC3.tla; Cmd-oopsla19-true-before.task-MC3.tla; Cmd-arrays-true-before.task-MC5.tla; Cmd-funArrays-true-before.task-MC5.tla; Cmd-oopsla19-true-before.task-MC5.tla; Cmd-arrays-true-before.task-MC13_4_4_floodmin_k1.tla; Cmd-funArrays-true-before.task-MC13_4_4_floodmin_k1.tla; Cmd-oopsla19-true-before.task-MC13_4_4_floodmin_k1.tla; Cmd-arrays-true-before.task-MC20.tla; Cmd-funArrays-true-before.task-MC20.tla; Cmd-oopsla19-true-before.task-MC20.tla; Cmd-arrays-true-before.task-Royal.tla; Cmd-funArrays-true-before.task-Royal.tla; Cmd-oopsla19-true-before.task-Royal.tla]	[Cmd-arrays-true-before.task-MC10_FALSE_FALSE.tla; Cmd-funArrays-true-before.task-MC10_FALSE_FALSE.tla; Cmd-oopsla19-true-before.task-MC10_FALSE_FALSE.tla; Cmd-arrays-true-before.task-MC10_TRUE_TRUE.tla; Cmd-funArrays-true-before.task-MC10_TRUE_TRUE.tla; Cmd-oopsla19-true-before.task-MC10_TRUE_TRUE.tla; Cmd-arrays-true-before.task-MC4_FALSE_FALSE.tla; Cmd-funArrays-true-before.task-MC4_FALSE_FALSE.tla; Cmd-oopsla19-true-before.task-MC4_FALSE_FALSE.tla; Cmd-arrays-true-before.task-MC4_TRUE_TRUE.tla; Cmd-funArrays-true-before.task-MC4_TRUE_TRUE.tla; Cmd-oopsla19-true-before.task-MC4_TRUE_TRUE.tla; Cmd-arrays-true-before.task-MC10.tla; Cmd-funArrays-true-before.task-MC10.tla; Cmd-oopsla19-true-before.task-MC10.tla; Cmd-arrays-true-before.task-MC19.tla; Cmd-funArrays-true-before.task-MC19.tla; Cmd-oopsla19-true-before.task-MC19.tla; Cmd-arrays-true-before.task-MC4.tla; Cmd-funArrays-true-before.task-MC4.tla; Cmd-oopsla19-true-before.task-MC4.tla; Cmd-arrays-true-before.task-MC3.tla; Cmd-funArrays-true-before.task-MC3.tla; Cmd-oopsla19-true-before.task-MC3.tla; Cmd-arrays-true-before.task-MC5.tla; Cmd-funArrays-true-before.task-MC5.tla; Cmd-oopsla19-true-before.task-MC5.tla; Cmd-arrays-true-before.task-MC13_4_4_floodmin_k1.tla; Cmd-funArrays-true-before.task-MC13_4_4_floodmin_k1.tla; Cmd-oopsla19-true-before.task-MC13_4_4_floodmin_k1.tla; Cmd-arrays-true-before.task-MC20.tla; Cmd-funArrays-true-before.task-MC20.tla; Cmd-oopsla19-true-before.task-MC20.tla; Cmd-arrays-true-before.task-Royal.tla; Cmd-funArrays-true-before.task-Royal.tla; Cmd-oopsla19-true-before.task-Royal.tla]
/home/runner/work/apalache-bench/apalache-bench/examples/target/scala-2.13/resource_managed/main/		status	cputime (s)	walltime (s)	memory (MB)
005examples-apalache-001-run-2PCwithBTM-MC10_FALSE_FALSE.tla-Init-Next-Some(Consistency)-task-MC10_FALSE_FALSE.tla.yml	-0	ERROR (1)	0.77317	0.7521683769999754	53.526528
005examples-apalache-001-run-2PCwithBTM-MC10_FALSE_FALSE.tla-Init-Next-Some(Consistency)-task-MC10_FALSE_FALSE.tla.yml	-1	ERROR (1)	0.7553445	0.737770007999984	53.415936
005examples-apalache-001-run-2PCwithBTM-MC10_FALSE_FALSE.tla-Init-Next-Some(Consistency)-task-MC10_FALSE_FALSE.tla.yml	-2	ERROR (1)	0.783906	0.7863328159999696	53.858304
005examples-apalache-001-run-2PCwithBTM-MC10_TRUE_TRUE.tla-Init-Next-Some(Consistency)-task-MC10_TRUE_TRUE.tla.yml	-3	ERROR (1)	0.7630249	0.7241044510000165	53.698560
005examples-apalache-001-run-2PCwithBTM-MC10_TRUE_TRUE.tla-Init-Next-Some(Consistency)-task-MC10_TRUE_TRUE.tla.yml	-4	ERROR (1)	0.7536536	0.7339336360000175	53.858304
005examples-apalache-001-run-2PCwithBTM-MC10_TRUE_TRUE.tla-Init-Next-Some(Consistency)-task-MC10_TRUE_TRUE.tla.yml	-5	ERROR (1)	0.751215	0.7201179820000334	53.596160
005examples-apalache-001-run-2PCwithBTM-MC4_FALSE_FALSE.tla-Init-Next-Some(Consistency)-task-MC4_FALSE_FALSE.tla.yml	-6	ERROR (1)	0.7652014	0.7201638829999979	53.719040
005examples-apalache-001-run-2PCwithBTM-MC4_FALSE_FALSE.tla-Init-Next-Some(Consistency)-task-MC4_FALSE_FALSE.tla.yml	-7	ERROR (1)	0.7518126	0.7147622820000379	53.788672
005examples-apalache-001-run-2PCwithBTM-MC4_FALSE_FALSE.tla-Init-Next-Some(Consistency)-task-MC4_FALSE_FALSE.tla.yml	-8	ERROR (1)	0.7519944	0.7292658530000153	53.706752
005examples-apalache-001-run-2PCwithBTM-MC4_TRUE_TRUE.tla-Init-Next-Some(Consistency)-task-MC4_TRUE_TRUE.tla.yml	-9	ERROR (1)	0.7691261	0.7623432720000096	53.784576
005examples-apalache-001-run-2PCwithBTM-MC4_TRUE_TRUE.tla-Init-Next-Some(Consistency)-task-MC4_TRUE_TRUE.tla.yml	-10	ERROR (1)	0.7554938	0.7255149769999889	54.128640
005examples-apalache-001-run-2PCwithBTM-MC4_TRUE_TRUE.tla-Init-Next-Some(Consistency)-task-MC4_TRUE_TRUE.tla.yml	-11	ERROR (1)	0.7664109	0.7688562890000412	53.645312
005examples-apalache-001-run-aba_asyn_byz-MC10.tla-Init-Next-None-task-MC10.tla.yml	-12	ERROR (1)	0.6941109	0.5264389569999821	54.857728
005examples-apalache-001-run-aba_asyn_byz-MC10.tla-Init-Next-None-task-MC10.tla.yml	-13	ERROR (1)	0.7269641	0.5936825160000012	54.996992
005examples-apalache-001-run-aba_asyn_byz-MC10.tla-Init-Next-None-task-MC10.tla.yml	-14	ERROR (1)	0.7253128	0.5746547589999977	53.489664
005examples-apalache-001-run-aba_asyn_byz-MC19.tla-Init-Next-None-task-MC19.tla.yml	-15	ERROR (1)	0.7308008	0.6482505369999672	54.071296
005examples-apalache-001-run-aba_asyn_byz-MC19.tla-Init-Next-None-task-MC19.tla.yml	-16	ERROR (1)	0.7217499	0.5621435359999509	53.354496
005examples-apalache-001-run-aba_asyn_byz-MC19.tla-Init-Next-None-task-MC19.tla.yml	-17	ERROR (1)	0.7199845	0.5302034480000088	54.894592
005examples-apalache-001-run-aba_asyn_byz-MC4.tla-Init-Next-None-task-MC4.tla.yml	-18	ERROR (1)	0.7685294	0.730741380999973	53.800960
005examples-apalache-001-run-aba_asyn_byz-MC4.tla-Init-Next-None-task-MC4.tla.yml	-19	ERROR (1)	0.7238616	0.6200161080000157	54.562816
005examples-apalache-001-run-aba_asyn_byz-MC4.tla-Init-Next-None-task-MC4.tla.yml	-20	ERROR (1)	0.7210808	0.6059028440000134	53.350400
005examples-apalache-001-run-bakery-MC10.tla-Init-Next-Some(Inv)-task-MC10.tla.yml	-21	ERROR (1)	0.7186495	0.5229329880000364	54.366208
005examples-apalache-001-run-bakery-MC10.tla-Init-Next-Some(Inv)-task-MC10.tla.yml	-22	ERROR (1)	0.7092888	0.5000817600000005	54.284288
005examples-apalache-001-run-bakery-MC10.tla-Init-Next-Some(Inv)-task-MC10.tla.yml	-23	ERROR (1)	0.7066661	0.5118889820000163	54.276096
005examples-apalache-001-run-bakery-MC10.tla-Init-Next-Some(MutualExclusion)-task-MC10.tla.yml	-24	ERROR (1)	0.7201987	0.5233601219999855	53.850112
005examples-apalache-001-run-bakery-MC10.tla-Init-Next-Some(MutualExclusion)-task-MC10.tla.yml	-25	ERROR (1)	0.7100057	0.5135528800000202	54.386688
005examples-apalache-001-run-bakery-MC10.tla-Init-Next-Some(MutualExclusion)-task-MC10.tla.yml	-26	ERROR (1)	0.7137378	0.5315623469999764	53.391360
005examples-apalache-001-run-bakery-MC10.tla-Inv-Next-Some(Inv)-task-MC10.tla.yml	-27	ERROR (1)	0.706084	0.5156900520000249	54.099968
005examples-apalache-001-run-bakery-MC10.tla-Inv-Next-Some(Inv)-task-MC10.tla.yml	-28	ERROR (1)	0.7211649	0.5081598110000414	54.280192
005examples-apalache-001-run-bakery-MC10.tla-Inv-Next-Some(Inv)-task-MC10.tla.yml	-29	ERROR (1)	0.7240626	0.5223309749999885	54.358016
005examples-apalache-001-run-bakery-MC3.tla-Init-Next-Some(Inv)-task-MC3.tla.yml	-30	ERROR (1)	0.7043349	0.5258302400000048	53.276672
005examples-apalache-001-run-bakery-MC3.tla-Init-Next-Some(Inv)-task-MC3.tla.yml	-31	ERROR (1)	0.7158365	0.5183311000000117	54.374400
005examples-apalache-001-run-bakery-MC3.tla-Init-Next-Some(Inv)-task-MC3.tla.yml	-32	ERROR (1)	0.7206386	0.5394723950000184	53.334016
005examples-apalache-001-run-bakery-MC3.tla-Init-Next-Some(MutualExclusion)-task-MC3.tla.yml	-33	ERROR (1)	0.7203188	0.5276259009999649	53.293056
005examples-apalache-001-run-bakery-MC3.tla-Init-Next-Some(MutualExclusion)-task-MC3.tla.yml	-34	ERROR (1)	0.7131421	0.5162846919999993	54.296576
005examples-apalache-001-run-bakery-MC3.tla-Init-Next-Some(MutualExclusion)-task-MC3.tla.yml	-35	ERROR (1)	0.7093841	0.5123580199999651	53.370880
005examples-apalache-001-run-bakery-MC3.tla-Inv-Next-Some(Inv)-task-MC3.tla.yml	-36	ERROR (1)	0.7125766	0.5218242649999638	53.387264
005examples-apalache-001-run-bakery-MC3.tla-Inv-Next-Some(Inv)-task-MC3.tla.yml	-37	ERROR (1)	0.7205397	0.5199705300000232	56.528896
005examples-apalache-001-run-bakery-MC3.tla-Inv-Next-Some(Inv)-task-MC3.tla.yml	-38	ERROR (1)	0.7161081	0.517150278000031	54.325248
005examples-apalache-001-run-bakery-MC5.tla-Init-Next-Some(Inv)-task-MC5.tla.yml	-39	ERROR (1)	0.7234983	0.5190883139999869	53.391360
005examples-apalache-001-run-bakery-MC5.tla-Init-Next-Some(Inv)-task-MC5.tla.yml	-40	ERROR (1)	0.7291474	0.5233543939999663	56.287232
005examples-apalache-001-run-bakery-MC5.tla-Init-Next-Some(Inv)-task-MC5.tla.yml	-41	ERROR (1)	0.7240377	0.5480271580000249	54.382592
005examples-apalache-001-run-bakery-MC5.tla-Init-Next-Some(MutualExclusion)-task-MC5.tla.yml	-42	ERROR (1)	0.6996888	0.532467190000034	53.043200
005examples-apalache-001-run-bakery-MC5.tla-Init-Next-Some(MutualExclusion)-task-MC5.tla.yml	-43	ERROR (1)	0.7314427	0.6149591070000042	53.616640
005examples-apalache-001-run-bakery-MC5.tla-Init-Next-Some(MutualExclusion)-task-MC5.tla.yml	-44	ERROR (1)	0.7208482	0.5296955379999986	53.358592
005examples-apalache-001-run-bakery-MC5.tla-Inv-Next-Some(Inv)-task-MC5.tla.yml	-45	ERROR (1)	0.7088162	0.5229675889999612	54.841344
005examples-apalache-001-run-bakery-MC5.tla-Inv-Next-Some(Inv)-task-MC5.tla.yml	-46	ERROR (1)	0.7060202	0.5054856620000123	53.334016
005examples-apalache-001-run-bakery-MC5.tla-Inv-Next-Some(Inv)-task-MC5.tla.yml	-47	ERROR (1)	0.7207863	0.5137171150000199	54.124544
005examples-apalache-001-run-changRoberts-MC10.tla-Init-Next-Some(Correctness)-task-MC10.tla.yml	-48	ERROR (1)	0.7204072	0.5111079650000079	53.456896
005examples-apalache-001-run-changRoberts-MC10.tla-Init-Next-Some(Correctness)-task-MC10.tla.yml	-49	ERROR (1)	0.7072017	0.5146116290000009	54.210560
005examples-apalache-001-run-changRoberts-MC10.tla-Init-Next-Some(Correctness)-task-MC10.tla.yml	-50	ERROR (1)	0.698745	0.5129932999999482	53.280768
005examples-apalache-001-run-changRoberts-MC4.tla-Init-Next-Some(Correctness)-task-MC4.tla.yml	-51	ERROR (1)	0.7433196	0.5348974100000419	54.476800
005examples-apalache-001-run-changRoberts-MC4.tla-Init-Next-Some(Correctness)-task-MC4.tla.yml	-52	ERROR (1)	0.707969	0.5047772460000033	53.231616
005examples-apalache-001-run-changRoberts-MC4.tla-Init-Next-Some(Correctness)-task-MC4.tla.yml	-53	ERROR (1)	0.7145071	0.5159489539999527	54.521856
005examples-apalache-001-run-ewd998-MC10.tla-Init-Next-Some(TerminationDetection)-task-MC10.tla.yml	-54	ERROR (1)	0.7003898	0.5006949909999321	54.214656
005examples-apalache-001-run-ewd998-MC10.tla-Init-Next-Some(TerminationDetection)-task-MC10.tla.yml	-55	ERROR (1)	0.7102397	0.5137473350000619	54.251520
005examples-apalache-001-run-ewd998-MC10.tla-Init-Next-Some(TerminationDetection)-task-MC10.tla.yml	-56	ERROR (1)	0.7113912	0.5155931699999883	54.267904
005examples-apalache-001-run-ewd998-MC4.tla-Init-Next-Some(TerminationDetection)-task-MC4.tla.yml	-57	ERROR (1)	0.7206054	0.5272271659999888	56.135680
005examples-apalache-001-run-ewd998-MC4.tla-Init-Next-Some(TerminationDetection)-task-MC4.tla.yml	-58	ERROR (1)	0.7124931	0.506885284999953	53.501952
005examples-apalache-001-run-ewd998-MC4.tla-Init-Next-Some(TerminationDetection)-task-MC4.tla.yml	-59	ERROR (1)	0.7135832	0.5155772479999996	55.287808
005examples-apalache-001-run-floodmin-MC13_4_4_floodmin_k1.tla-Init-Next-Some(ValidityInv)-task-MC13_4_4_floodmin_k1.tla.yml	-60	ERROR (1)	0.7169383	0.5242212929999823	54.419456
005examples-apalache-001-run-floodmin-MC13_4_4_floodmin_k1.tla-Init-Next-Some(ValidityInv)-task-MC13_4_4_floodmin_k1.tla.yml	-61	ERROR (1)	0.7140358	0.518949484000018	54.386688
005examples-apalache-001-run-floodmin-MC13_4_4_floodmin_k1.tla-Init-Next-Some(ValidityInv)-task-MC13_4_4_floodmin_k1.tla.yml	-62	ERROR (1)	0.7187107	0.5192566890000307	54.259712
005examples-apalache-001-run-paxos-MC3.tla-Init-Next-Some(V!OneValuePerBallot)-task-MC3.tla.yml	-63	ERROR (1)	0.7212911	0.5267564790000279	53.432320
005examples-apalache-001-run-paxos-MC3.tla-Init-Next-Some(V!OneValuePerBallot)-task-MC3.tla.yml	-64	ERROR (1)	0.7139684	0.5239331269999639	54.198272
005examples-apalache-001-run-paxos-MC3.tla-Init-Next-Some(V!OneValuePerBallot)-task-MC3.tla.yml	-65	ERROR (1)	0.6990265	0.5133511280000675	54.091776
005examples-apalache-001-run-readersWriters-MC10.tla-Init-Next-Some(Safety)-task-MC10.tla.yml	-66	ERROR (1)	0.7123356	0.5182701869999846	54.288384
005examples-apalache-001-run-readersWriters-MC10.tla-Init-Next-Some(Safety)-task-MC10.tla.yml	-67	ERROR (1)	0.7136323	0.5081357980000121	53.452800
005examples-apalache-001-run-readersWriters-MC10.tla-Init-Next-Some(Safety)-task-MC10.tla.yml	-68	ERROR (1)	0.7205793	0.5157199400000536	54.165504
005examples-apalache-001-run-readersWriters-MC20.tla-Init-Next-Some(Safety)-task-MC20.tla.yml	-69	ERROR (1)	0.7165968	0.5199320180000768	54.304768
005examples-apalache-001-run-readersWriters-MC20.tla-Init-Next-Some(Safety)-task-MC20.tla.yml	-70	ERROR (1)	0.7023562	0.509680827000011	53.231616
005examples-apalache-001-run-readersWriters-MC20.tla-Init-Next-Some(Safety)-task-MC20.tla.yml	-71	ERROR (1)	0.6955714	0.5026828960000103	54.046720
005examples-apalache-001-run-readersWriters-MC4.tla-Init-Next-Some(Safety)-task-MC4.tla.yml	-72	ERROR (1)	0.7225083	0.5395165180000276	54.251520
005examples-apalache-001-run-readersWriters-MC4.tla-Init-Next-Some(Safety)-task-MC4.tla.yml	-73	ERROR (1)	0.7165145	0.5081352299999935	53.252096
005examples-apalache-001-run-readersWriters-MC4.tla-Init-Next-Some(Safety)-task-MC4.tla.yml	-74	ERROR (1)	0.7333405	0.5180975160000116	54.149120
005examples-apalache-001-run-royal-Royal.tla-Init-Next-Some(ContractCantGoNegative)-task-Royal.tla.yml	-75	ERROR (1)	0.7249975	0.5172000669999761	54.489088
005examples-apalache-001-run-royal-Royal.tla-Init-Next-Some(ContractCantGoNegative)-task-Royal.tla.yml	-76	ERROR (1)	0.7170282	0.5218328539999675	54.177792
005examples-apalache-001-run-royal-Royal.tla-Init-Next-Some(ContractCantGoNegative)-task-Royal.tla.yml	-77	ERROR (1)	0.7139184	0.5093855209998992	54.312960
