tool		Apalache v0.30.1-120-gabdafd53c	Apalache v0.30.1-120-gabdafd53c	Apalache v0.30.1-120-gabdafd53c	Apalache v0.30.1-120-gabdafd53c
run set		[Cmd-arrays-true-before.task-MC10_Consensus.tla; Cmd-funArrays-true-before.task-MC10_Consensus.tla; Cmd-oopsla19-true-before.task-MC10_Consensus.tla; Cmd-arrays-true-before.task-MC10_MongoLoglessDynamicRaft.tla; Cmd-funArrays-true-before.task-MC10_MongoLoglessDynamicRaft.tla; Cmd-oopsla19-true-before.task-MC10_MongoLoglessDynamicRaft.tla; Cmd-arrays-true-before.task-MC10_Simple.tla; Cmd-funArrays-true-before.task-MC10_Simple.tla; Cmd-oopsla19-true-before.task-MC10_Simple.tla; Cmd-arrays-true-before.task-MC10_SimpleRegular.tla; Cmd-funArrays-true-before.task-MC10_SimpleRegular.tla; Cmd-oopsla19-true-before.task-MC10_SimpleRegular.tla; Cmd-arrays-true-before.task-MC10_TwoPhase.tla; Cmd-funArrays-true-before.task-MC10_TwoPhase.tla; Cmd-oopsla19-true-before.task-MC10_TwoPhase.tla; Cmd-arrays-true-before.task-MC10_client_server_ae.tla; Cmd-funArrays-true-before.task-MC10_client_server_ae.tla; Cmd-oopsla19-true-before.task-MC10_client_server_ae.tla; Cmd-arrays-true-before.task-MC10_consensus_epr.tla; Cmd-funArrays-true-before.task-MC10_consensus_epr.tla; Cmd-oopsla19-true-before.task-MC10_consensus_epr.tla; Cmd-arrays-true-before.task-MC10_consensus_forall.tla; Cmd-funArrays-true-before.task-MC10_consensus_forall.tla; Cmd-oopsla19-true-before.task-MC10_consensus_forall.tla; Cmd-arrays-true-before.task-MC10_consensus_wo_decide.tla; Cmd-funArrays-true-before.task-MC10_consensus_wo_decide.tla; Cmd-oopsla19-true-before.task-MC10_consensus_wo_decide.tla; Cmd-arrays-true-before.task-MC10_learning_switch.tla; Cmd-funArrays-true-before.task-MC10_learning_switch.tla; Cmd-oopsla19-true-before.task-MC10_learning_switch.tla; Cmd-arrays-true-before.task-MC10_lockserv.tla; Cmd-funArrays-true-before.task-MC10_lockserv.tla; Cmd-oopsla19-true-before.task-MC10_lockserv.tla; Cmd-arrays-true-before.task-MC10_lockserv_automaton.tla; Cmd-funArrays-true-before.task-MC10_lockserv_automaton.tla; Cmd-oopsla19-true-before.task-MC10_lockserv_automaton.tla; Cmd-arrays-true-before.task-MC10_lockserver.tla; Cmd-funArrays-true-before.task-MC10_lockserver.tla; Cmd-oopsla19-true-before.task-MC10_lockserver.tla; Cmd-arrays-true-before.task-MC10_majorityset_leader_election.tla; Cmd-funArrays-true-before.task-MC10_majorityset_leader_election.tla; Cmd-oopsla19-true-before.task-MC10_majorityset_leader_election.tla; Cmd-arrays-true-before.task-MC10_naive_consensus.tla; Cmd-funArrays-true-before.task-MC10_naive_consensus.tla; Cmd-oopsla19-true-before.task-MC10_naive_consensus.tla; Cmd-arrays-true-before.task-MC10_quorum_leader_election.tla; Cmd-funArrays-true-before.task-MC10_quorum_leader_election.tla; Cmd-oopsla19-true-before.task-MC10_quorum_leader_election.tla; Cmd-arrays-true-before.task-MC10_sharded_kv.tla; Cmd-funArrays-true-before.task-MC10_sharded_kv.tla; Cmd-oopsla19-true-before.task-MC10_sharded_kv.tla; Cmd-arrays-true-before.task-MC10_sharded_kv_no_lost_keys.tla; Cmd-funArrays-true-before.task-MC10_sharded_kv_no_lost_keys.tla; Cmd-oopsla19-true-before.task-MC10_sharded_kv_no_lost_keys.tla; Cmd-arrays-true-before.task-MC10_simple_decentralized_lock.tla; Cmd-funArrays-true-before.task-MC10_simple_decentralized_lock.tla; Cmd-oopsla19-true-before.task-MC10_simple_decentralized_lock.tla; Cmd-arrays-true-before.task-MC10_toy_consensus.tla; Cmd-funArrays-true-before.task-MC10_toy_consensus.tla; Cmd-oopsla19-true-before.task-MC10_toy_consensus.tla; Cmd-arrays-true-before.task-MC10_toy_consensus_epr.tla; Cmd-funArrays-true-before.task-MC10_toy_consensus_epr.tla; Cmd-oopsla19-true-before.task-MC10_toy_consensus_epr.tla; Cmd-arrays-true-before.task-MC10_toy_consensus_forall.tla; Cmd-funArrays-true-before.task-MC10_toy_consensus_forall.tla; Cmd-oopsla19-true-before.task-MC10_toy_consensus_forall.tla; Cmd-arrays-true-before.task-MC10_two_phase_commit.tla; Cmd-funArrays-true-before.task-MC10_two_phase_commit.tla; Cmd-oopsla19-true-before.task-MC10_two_phase_commit.tla; Cmd-arrays-true-before.task-MC3_Consensus.tla; Cmd-funArrays-true-before.task-MC3_Consensus.tla; Cmd-oopsla19-true-before.task-MC3_Consensus.tla; Cmd-arrays-true-before.task-MC3_MongoLoglessDynamicRaft.tla; Cmd-funArrays-true-before.task-MC3_MongoLoglessDynamicRaft.tla; Cmd-oopsla19-true-before.task-MC3_MongoLoglessDynamicRaft.tla; Cmd-arrays-true-before.task-MC3_Simple.tla; Cmd-funArrays-true-before.task-MC3_Simple.tla; Cmd-oopsla19-true-before.task-MC3_Simple.tla; Cmd-arrays-true-before.task-MC3_SimpleRegular.tla; Cmd-funArrays-true-before.task-MC3_SimpleRegular.tla; Cmd-oopsla19-true-before.task-MC3_SimpleRegular.tla; Cmd-arrays-true-before.task-MC3_TwoPhase.tla; Cmd-funArrays-true-before.task-MC3_TwoPhase.tla; Cmd-oopsla19-true-before.task-MC3_TwoPhase.tla; Cmd-arrays-true-before.task-MC3_client_server_ae.tla; Cmd-funArrays-true-before.task-MC3_client_server_ae.tla; Cmd-oopsla19-true-before.task-MC3_client_server_ae.tla; Cmd-arrays-true-before.task-MC3_consensus_epr.tla; Cmd-funArrays-true-before.task-MC3_consensus_epr.tla; Cmd-oopsla19-true-before.task-MC3_consensus_epr.tla; Cmd-arrays-true-before.task-MC3_consensus_forall.tla; Cmd-funArrays-true-before.task-MC3_consensus_forall.tla; Cmd-oopsla19-true-before.task-MC3_consensus_forall.tla; Cmd-arrays-true-before.task-MC3_consensus_wo_decide.tla; Cmd-funArrays-true-before.task-MC3_consensus_wo_decide.tla; Cmd-oopsla19-true-before.task-MC3_consensus_wo_decide.tla; Cmd-arrays-true-before.task-MC3_learning_switch.tla; Cmd-funArrays-true-before.task-MC3_learning_switch.tla; Cmd-oopsla19-true-before.task-MC3_learning_switch.tla; Cmd-arrays-true-before.task-MC3_lockserv.tla; Cmd-funArrays-true-before.task-MC3_lockserv.tla; Cmd-oopsla19-true-before.task-MC3_lockserv.tla; Cmd-arrays-true-before.task-MC3_lockserv_automaton.tla; Cmd-funArrays-true-before.task-MC3_lockserv_automaton.tla; Cmd-oopsla19-true-before.task-MC3_lockserv_automaton.tla; Cmd-arrays-true-before.task-MC3_lockserver.tla; Cmd-funArrays-true-before.task-MC3_lockserver.tla; Cmd-oopsla19-true-before.task-MC3_lockserver.tla; Cmd-arrays-true-before.task-MC3_majorityset_leader_election.tla; Cmd-funArrays-true-before.task-MC3_majorityset_leader_election.tla; Cmd-oopsla19-true-before.task-MC3_majorityset_leader_election.tla; Cmd-arrays-true-before.task-MC3_naive_consensus.tla; Cmd-funArrays-true-before.task-MC3_naive_consensus.tla; Cmd-oopsla19-true-before.task-MC3_naive_consensus.tla; Cmd-arrays-true-before.task-MC3_quorum_leader_election.tla; Cmd-funArrays-true-before.task-MC3_quorum_leader_election.tla; Cmd-oopsla19-true-before.task-MC3_quorum_leader_election.tla; Cmd-arrays-true-before.task-MC3_sharded_kv.tla; Cmd-funArrays-true-before.task-MC3_sharded_kv.tla; Cmd-oopsla19-true-before.task-MC3_sharded_kv.tla; Cmd-arrays-true-before.task-MC3_sharded_kv_no_lost_keys.tla; Cmd-funArrays-true-before.task-MC3_sharded_kv_no_lost_keys.tla; Cmd-oopsla19-true-before.task-MC3_sharded_kv_no_lost_keys.tla; Cmd-arrays-true-before.task-MC3_simple_decentralized_lock.tla; Cmd-funArrays-true-before.task-MC3_simple_decentralized_lock.tla; Cmd-oopsla19-true-before.task-MC3_simple_decentralized_lock.tla; Cmd-arrays-true-before.task-MC3_toy_consensus.tla; Cmd-funArrays-true-before.task-MC3_toy_consensus.tla; Cmd-oopsla19-true-before.task-MC3_toy_consensus.tla; Cmd-arrays-true-before.task-MC3_toy_consensus_epr.tla; Cmd-funArrays-true-before.task-MC3_toy_consensus_epr.tla; Cmd-oopsla19-true-before.task-MC3_toy_consensus_epr.tla; Cmd-arrays-true-before.task-MC3_toy_consensus_forall.tla; Cmd-funArrays-true-before.task-MC3_toy_consensus_forall.tla; Cmd-oopsla19-true-before.task-MC3_toy_consensus_forall.tla; Cmd-arrays-true-before.task-MC3_two_phase_commit.tla; Cmd-funArrays-true-before.task-MC3_two_phase_commit.tla; Cmd-oopsla19-true-before.task-MC3_two_phase_commit.tla]	[Cmd-arrays-true-before.task-MC10_Consensus.tla; Cmd-funArrays-true-before.task-MC10_Consensus.tla; Cmd-oopsla19-true-before.task-MC10_Consensus.tla; Cmd-arrays-true-before.task-MC10_MongoLoglessDynamicRaft.tla; Cmd-funArrays-true-before.task-MC10_MongoLoglessDynamicRaft.tla; Cmd-oopsla19-true-before.task-MC10_MongoLoglessDynamicRaft.tla; Cmd-arrays-true-before.task-MC10_Simple.tla; Cmd-funArrays-true-before.task-MC10_Simple.tla; Cmd-oopsla19-true-before.task-MC10_Simple.tla; Cmd-arrays-true-before.task-MC10_SimpleRegular.tla; Cmd-funArrays-true-before.task-MC10_SimpleRegular.tla; Cmd-oopsla19-true-before.task-MC10_SimpleRegular.tla; Cmd-arrays-true-before.task-MC10_TwoPhase.tla; Cmd-funArrays-true-before.task-MC10_TwoPhase.tla; Cmd-oopsla19-true-before.task-MC10_TwoPhase.tla; Cmd-arrays-true-before.task-MC10_client_server_ae.tla; Cmd-funArrays-true-before.task-MC10_client_server_ae.tla; Cmd-oopsla19-true-before.task-MC10_client_server_ae.tla; Cmd-arrays-true-before.task-MC10_consensus_epr.tla; Cmd-funArrays-true-before.task-MC10_consensus_epr.tla; Cmd-oopsla19-true-before.task-MC10_consensus_epr.tla; Cmd-arrays-true-before.task-MC10_consensus_forall.tla; Cmd-funArrays-true-before.task-MC10_consensus_forall.tla; Cmd-oopsla19-true-before.task-MC10_consensus_forall.tla; Cmd-arrays-true-before.task-MC10_consensus_wo_decide.tla; Cmd-funArrays-true-before.task-MC10_consensus_wo_decide.tla; Cmd-oopsla19-true-before.task-MC10_consensus_wo_decide.tla; Cmd-arrays-true-before.task-MC10_learning_switch.tla; Cmd-funArrays-true-before.task-MC10_learning_switch.tla; Cmd-oopsla19-true-before.task-MC10_learning_switch.tla; Cmd-arrays-true-before.task-MC10_lockserv.tla; Cmd-funArrays-true-before.task-MC10_lockserv.tla; Cmd-oopsla19-true-before.task-MC10_lockserv.tla; Cmd-arrays-true-before.task-MC10_lockserv_automaton.tla; Cmd-funArrays-true-before.task-MC10_lockserv_automaton.tla; Cmd-oopsla19-true-before.task-MC10_lockserv_automaton.tla; Cmd-arrays-true-before.task-MC10_lockserver.tla; Cmd-funArrays-true-before.task-MC10_lockserver.tla; Cmd-oopsla19-true-before.task-MC10_lockserver.tla; Cmd-arrays-true-before.task-MC10_majorityset_leader_election.tla; Cmd-funArrays-true-before.task-MC10_majorityset_leader_election.tla; Cmd-oopsla19-true-before.task-MC10_majorityset_leader_election.tla; Cmd-arrays-true-before.task-MC10_naive_consensus.tla; Cmd-funArrays-true-before.task-MC10_naive_consensus.tla; Cmd-oopsla19-true-before.task-MC10_naive_consensus.tla; Cmd-arrays-true-before.task-MC10_quorum_leader_election.tla; Cmd-funArrays-true-before.task-MC10_quorum_leader_election.tla; Cmd-oopsla19-true-before.task-MC10_quorum_leader_election.tla; Cmd-arrays-true-before.task-MC10_sharded_kv.tla; Cmd-funArrays-true-before.task-MC10_sharded_kv.tla; Cmd-oopsla19-true-before.task-MC10_sharded_kv.tla; Cmd-arrays-true-before.task-MC10_sharded_kv_no_lost_keys.tla; Cmd-funArrays-true-before.task-MC10_sharded_kv_no_lost_keys.tla; Cmd-oopsla19-true-before.task-MC10_sharded_kv_no_lost_keys.tla; Cmd-arrays-true-before.task-MC10_simple_decentralized_lock.tla; Cmd-funArrays-true-before.task-MC10_simple_decentralized_lock.tla; Cmd-oopsla19-true-before.task-MC10_simple_decentralized_lock.tla; Cmd-arrays-true-before.task-MC10_toy_consensus.tla; Cmd-funArrays-true-before.task-MC10_toy_consensus.tla; Cmd-oopsla19-true-before.task-MC10_toy_consensus.tla; Cmd-arrays-true-before.task-MC10_toy_consensus_epr.tla; Cmd-funArrays-true-before.task-MC10_toy_consensus_epr.tla; Cmd-oopsla19-true-before.task-MC10_toy_consensus_epr.tla; Cmd-arrays-true-before.task-MC10_toy_consensus_forall.tla; Cmd-funArrays-true-before.task-MC10_toy_consensus_forall.tla; Cmd-oopsla19-true-before.task-MC10_toy_consensus_forall.tla; Cmd-arrays-true-before.task-MC10_two_phase_commit.tla; Cmd-funArrays-true-before.task-MC10_two_phase_commit.tla; Cmd-oopsla19-true-before.task-MC10_two_phase_commit.tla; Cmd-arrays-true-before.task-MC3_Consensus.tla; Cmd-funArrays-true-before.task-MC3_Consensus.tla; Cmd-oopsla19-true-before.task-MC3_Consensus.tla; Cmd-arrays-true-before.task-MC3_MongoLoglessDynamicRaft.tla; Cmd-funArrays-true-before.task-MC3_MongoLoglessDynamicRaft.tla; Cmd-oopsla19-true-before.task-MC3_MongoLoglessDynamicRaft.tla; Cmd-arrays-true-before.task-MC3_Simple.tla; Cmd-funArrays-true-before.task-MC3_Simple.tla; Cmd-oopsla19-true-before.task-MC3_Simple.tla; Cmd-arrays-true-before.task-MC3_SimpleRegular.tla; Cmd-funArrays-true-before.task-MC3_SimpleRegular.tla; Cmd-oopsla19-true-before.task-MC3_SimpleRegular.tla; Cmd-arrays-true-before.task-MC3_TwoPhase.tla; Cmd-funArrays-true-before.task-MC3_TwoPhase.tla; Cmd-oopsla19-true-before.task-MC3_TwoPhase.tla; Cmd-arrays-true-before.task-MC3_client_server_ae.tla; Cmd-funArrays-true-before.task-MC3_client_server_ae.tla; Cmd-oopsla19-true-before.task-MC3_client_server_ae.tla; Cmd-arrays-true-before.task-MC3_consensus_epr.tla; Cmd-funArrays-true-before.task-MC3_consensus_epr.tla; Cmd-oopsla19-true-before.task-MC3_consensus_epr.tla; Cmd-arrays-true-before.task-MC3_consensus_forall.tla; Cmd-funArrays-true-before.task-MC3_consensus_forall.tla; Cmd-oopsla19-true-before.task-MC3_consensus_forall.tla; Cmd-arrays-true-before.task-MC3_consensus_wo_decide.tla; Cmd-funArrays-true-before.task-MC3_consensus_wo_decide.tla; Cmd-oopsla19-true-before.task-MC3_consensus_wo_decide.tla; Cmd-arrays-true-before.task-MC3_learning_switch.tla; Cmd-funArrays-true-before.task-MC3_learning_switch.tla; Cmd-oopsla19-true-before.task-MC3_learning_switch.tla; Cmd-arrays-true-before.task-MC3_lockserv.tla; Cmd-funArrays-true-before.task-MC3_lockserv.tla; Cmd-oopsla19-true-before.task-MC3_lockserv.tla; Cmd-arrays-true-before.task-MC3_lockserv_automaton.tla; Cmd-funArrays-true-before.task-MC3_lockserv_automaton.tla; Cmd-oopsla19-true-before.task-MC3_lockserv_automaton.tla; Cmd-arrays-true-before.task-MC3_lockserver.tla; Cmd-funArrays-true-before.task-MC3_lockserver.tla; Cmd-oopsla19-true-before.task-MC3_lockserver.tla; Cmd-arrays-true-before.task-MC3_majorityset_leader_election.tla; Cmd-funArrays-true-before.task-MC3_majorityset_leader_election.tla; Cmd-oopsla19-true-before.task-MC3_majorityset_leader_election.tla; Cmd-arrays-true-before.task-MC3_naive_consensus.tla; Cmd-funArrays-true-before.task-MC3_naive_consensus.tla; Cmd-oopsla19-true-before.task-MC3_naive_consensus.tla; Cmd-arrays-true-before.task-MC3_quorum_leader_election.tla; Cmd-funArrays-true-before.task-MC3_quorum_leader_election.tla; Cmd-oopsla19-true-before.task-MC3_quorum_leader_election.tla; Cmd-arrays-true-before.task-MC3_sharded_kv.tla; Cmd-funArrays-true-before.task-MC3_sharded_kv.tla; Cmd-oopsla19-true-before.task-MC3_sharded_kv.tla; Cmd-arrays-true-before.task-MC3_sharded_kv_no_lost_keys.tla; Cmd-funArrays-true-before.task-MC3_sharded_kv_no_lost_keys.tla; Cmd-oopsla19-true-before.task-MC3_sharded_kv_no_lost_keys.tla; Cmd-arrays-true-before.task-MC3_simple_decentralized_lock.tla; Cmd-funArrays-true-before.task-MC3_simple_decentralized_lock.tla; Cmd-oopsla19-true-before.task-MC3_simple_decentralized_lock.tla; Cmd-arrays-true-before.task-MC3_toy_consensus.tla; Cmd-funArrays-true-before.task-MC3_toy_consensus.tla; Cmd-oopsla19-true-before.task-MC3_toy_consensus.tla; Cmd-arrays-true-before.task-MC3_toy_consensus_epr.tla; Cmd-funArrays-true-before.task-MC3_toy_consensus_epr.tla; Cmd-oopsla19-true-before.task-MC3_toy_consensus_epr.tla; Cmd-arrays-true-before.task-MC3_toy_consensus_forall.tla; Cmd-funArrays-true-before.task-MC3_toy_consensus_forall.tla; Cmd-oopsla19-true-before.task-MC3_toy_consensus_forall.tla; Cmd-arrays-true-before.task-MC3_two_phase_commit.tla; Cmd-funArrays-true-before.task-MC3_two_phase_commit.tla; Cmd-oopsla19-true-before.task-MC3_two_phase_commit.tla]	[Cmd-arrays-true-before.task-MC10_Consensus.tla; Cmd-funArrays-true-before.task-MC10_Consensus.tla; Cmd-oopsla19-true-before.task-MC10_Consensus.tla; Cmd-arrays-true-before.task-MC10_MongoLoglessDynamicRaft.tla; Cmd-funArrays-true-before.task-MC10_MongoLoglessDynamicRaft.tla; Cmd-oopsla19-true-before.task-MC10_MongoLoglessDynamicRaft.tla; Cmd-arrays-true-before.task-MC10_Simple.tla; Cmd-funArrays-true-before.task-MC10_Simple.tla; Cmd-oopsla19-true-before.task-MC10_Simple.tla; Cmd-arrays-true-before.task-MC10_SimpleRegular.tla; Cmd-funArrays-true-before.task-MC10_SimpleRegular.tla; Cmd-oopsla19-true-before.task-MC10_SimpleRegular.tla; Cmd-arrays-true-before.task-MC10_TwoPhase.tla; Cmd-funArrays-true-before.task-MC10_TwoPhase.tla; Cmd-oopsla19-true-before.task-MC10_TwoPhase.tla; Cmd-arrays-true-before.task-MC10_client_server_ae.tla; Cmd-funArrays-true-before.task-MC10_client_server_ae.tla; Cmd-oopsla19-true-before.task-MC10_client_server_ae.tla; Cmd-arrays-true-before.task-MC10_consensus_epr.tla; Cmd-funArrays-true-before.task-MC10_consensus_epr.tla; Cmd-oopsla19-true-before.task-MC10_consensus_epr.tla; Cmd-arrays-true-before.task-MC10_consensus_forall.tla; Cmd-funArrays-true-before.task-MC10_consensus_forall.tla; Cmd-oopsla19-true-before.task-MC10_consensus_forall.tla; Cmd-arrays-true-before.task-MC10_consensus_wo_decide.tla; Cmd-funArrays-true-before.task-MC10_consensus_wo_decide.tla; Cmd-oopsla19-true-before.task-MC10_consensus_wo_decide.tla; Cmd-arrays-true-before.task-MC10_learning_switch.tla; Cmd-funArrays-true-before.task-MC10_learning_switch.tla; Cmd-oopsla19-true-before.task-MC10_learning_switch.tla; Cmd-arrays-true-before.task-MC10_lockserv.tla; Cmd-funArrays-true-before.task-MC10_lockserv.tla; Cmd-oopsla19-true-before.task-MC10_lockserv.tla; Cmd-arrays-true-before.task-MC10_lockserv_automaton.tla; Cmd-funArrays-true-before.task-MC10_lockserv_automaton.tla; Cmd-oopsla19-true-before.task-MC10_lockserv_automaton.tla; Cmd-arrays-true-before.task-MC10_lockserver.tla; Cmd-funArrays-true-before.task-MC10_lockserver.tla; Cmd-oopsla19-true-before.task-MC10_lockserver.tla; Cmd-arrays-true-before.task-MC10_majorityset_leader_election.tla; Cmd-funArrays-true-before.task-MC10_majorityset_leader_election.tla; Cmd-oopsla19-true-before.task-MC10_majorityset_leader_election.tla; Cmd-arrays-true-before.task-MC10_naive_consensus.tla; Cmd-funArrays-true-before.task-MC10_naive_consensus.tla; Cmd-oopsla19-true-before.task-MC10_naive_consensus.tla; Cmd-arrays-true-before.task-MC10_quorum_leader_election.tla; Cmd-funArrays-true-before.task-MC10_quorum_leader_election.tla; Cmd-oopsla19-true-before.task-MC10_quorum_leader_election.tla; Cmd-arrays-true-before.task-MC10_sharded_kv.tla; Cmd-funArrays-true-before.task-MC10_sharded_kv.tla; Cmd-oopsla19-true-before.task-MC10_sharded_kv.tla; Cmd-arrays-true-before.task-MC10_sharded_kv_no_lost_keys.tla; Cmd-funArrays-true-before.task-MC10_sharded_kv_no_lost_keys.tla; Cmd-oopsla19-true-before.task-MC10_sharded_kv_no_lost_keys.tla; Cmd-arrays-true-before.task-MC10_simple_decentralized_lock.tla; Cmd-funArrays-true-before.task-MC10_simple_decentralized_lock.tla; Cmd-oopsla19-true-before.task-MC10_simple_decentralized_lock.tla; Cmd-arrays-true-before.task-MC10_toy_consensus.tla; Cmd-funArrays-true-before.task-MC10_toy_consensus.tla; Cmd-oopsla19-true-before.task-MC10_toy_consensus.tla; Cmd-arrays-true-before.task-MC10_toy_consensus_epr.tla; Cmd-funArrays-true-before.task-MC10_toy_consensus_epr.tla; Cmd-oopsla19-true-before.task-MC10_toy_consensus_epr.tla; Cmd-arrays-true-before.task-MC10_toy_consensus_forall.tla; Cmd-funArrays-true-before.task-MC10_toy_consensus_forall.tla; Cmd-oopsla19-true-before.task-MC10_toy_consensus_forall.tla; Cmd-arrays-true-before.task-MC10_two_phase_commit.tla; Cmd-funArrays-true-before.task-MC10_two_phase_commit.tla; Cmd-oopsla19-true-before.task-MC10_two_phase_commit.tla; Cmd-arrays-true-before.task-MC3_Consensus.tla; Cmd-funArrays-true-before.task-MC3_Consensus.tla; Cmd-oopsla19-true-before.task-MC3_Consensus.tla; Cmd-arrays-true-before.task-MC3_MongoLoglessDynamicRaft.tla; Cmd-funArrays-true-before.task-MC3_MongoLoglessDynamicRaft.tla; Cmd-oopsla19-true-before.task-MC3_MongoLoglessDynamicRaft.tla; Cmd-arrays-true-before.task-MC3_Simple.tla; Cmd-funArrays-true-before.task-MC3_Simple.tla; Cmd-oopsla19-true-before.task-MC3_Simple.tla; Cmd-arrays-true-before.task-MC3_SimpleRegular.tla; Cmd-funArrays-true-before.task-MC3_SimpleRegular.tla; Cmd-oopsla19-true-before.task-MC3_SimpleRegular.tla; Cmd-arrays-true-before.task-MC3_TwoPhase.tla; Cmd-funArrays-true-before.task-MC3_TwoPhase.tla; Cmd-oopsla19-true-before.task-MC3_TwoPhase.tla; Cmd-arrays-true-before.task-MC3_client_server_ae.tla; Cmd-funArrays-true-before.task-MC3_client_server_ae.tla; Cmd-oopsla19-true-before.task-MC3_client_server_ae.tla; Cmd-arrays-true-before.task-MC3_consensus_epr.tla; Cmd-funArrays-true-before.task-MC3_consensus_epr.tla; Cmd-oopsla19-true-before.task-MC3_consensus_epr.tla; Cmd-arrays-true-before.task-MC3_consensus_forall.tla; Cmd-funArrays-true-before.task-MC3_consensus_forall.tla; Cmd-oopsla19-true-before.task-MC3_consensus_forall.tla; Cmd-arrays-true-before.task-MC3_consensus_wo_decide.tla; Cmd-funArrays-true-before.task-MC3_consensus_wo_decide.tla; Cmd-oopsla19-true-before.task-MC3_consensus_wo_decide.tla; Cmd-arrays-true-before.task-MC3_learning_switch.tla; Cmd-funArrays-true-before.task-MC3_learning_switch.tla; Cmd-oopsla19-true-before.task-MC3_learning_switch.tla; Cmd-arrays-true-before.task-MC3_lockserv.tla; Cmd-funArrays-true-before.task-MC3_lockserv.tla; Cmd-oopsla19-true-before.task-MC3_lockserv.tla; Cmd-arrays-true-before.task-MC3_lockserv_automaton.tla; Cmd-funArrays-true-before.task-MC3_lockserv_automaton.tla; Cmd-oopsla19-true-before.task-MC3_lockserv_automaton.tla; Cmd-arrays-true-before.task-MC3_lockserver.tla; Cmd-funArrays-true-before.task-MC3_lockserver.tla; Cmd-oopsla19-true-before.task-MC3_lockserver.tla; Cmd-arrays-true-before.task-MC3_majorityset_leader_election.tla; Cmd-funArrays-true-before.task-MC3_majorityset_leader_election.tla; Cmd-oopsla19-true-before.task-MC3_majorityset_leader_election.tla; Cmd-arrays-true-before.task-MC3_naive_consensus.tla; Cmd-funArrays-true-before.task-MC3_naive_consensus.tla; Cmd-oopsla19-true-before.task-MC3_naive_consensus.tla; Cmd-arrays-true-before.task-MC3_quorum_leader_election.tla; Cmd-funArrays-true-before.task-MC3_quorum_leader_election.tla; Cmd-oopsla19-true-before.task-MC3_quorum_leader_election.tla; Cmd-arrays-true-before.task-MC3_sharded_kv.tla; Cmd-funArrays-true-before.task-MC3_sharded_kv.tla; Cmd-oopsla19-true-before.task-MC3_sharded_kv.tla; Cmd-arrays-true-before.task-MC3_sharded_kv_no_lost_keys.tla; Cmd-funArrays-true-before.task-MC3_sharded_kv_no_lost_keys.tla; Cmd-oopsla19-true-before.task-MC3_sharded_kv_no_lost_keys.tla; Cmd-arrays-true-before.task-MC3_simple_decentralized_lock.tla; Cmd-funArrays-true-before.task-MC3_simple_decentralized_lock.tla; Cmd-oopsla19-true-before.task-MC3_simple_decentralized_lock.tla; Cmd-arrays-true-before.task-MC3_toy_consensus.tla; Cmd-funArrays-true-before.task-MC3_toy_consensus.tla; Cmd-oopsla19-true-before.task-MC3_toy_consensus.tla; Cmd-arrays-true-before.task-MC3_toy_consensus_epr.tla; Cmd-funArrays-true-before.task-MC3_toy_consensus_epr.tla; Cmd-oopsla19-true-before.task-MC3_toy_consensus_epr.tla; Cmd-arrays-true-before.task-MC3_toy_consensus_forall.tla; Cmd-funArrays-true-before.task-MC3_toy_consensus_forall.tla; Cmd-oopsla19-true-before.task-MC3_toy_consensus_forall.tla; Cmd-arrays-true-before.task-MC3_two_phase_commit.tla; Cmd-funArrays-true-before.task-MC3_two_phase_commit.tla; Cmd-oopsla19-true-before.task-MC3_two_phase_commit.tla]	[Cmd-arrays-true-before.task-MC10_Consensus.tla; Cmd-funArrays-true-before.task-MC10_Consensus.tla; Cmd-oopsla19-true-before.task-MC10_Consensus.tla; Cmd-arrays-true-before.task-MC10_MongoLoglessDynamicRaft.tla; Cmd-funArrays-true-before.task-MC10_MongoLoglessDynamicRaft.tla; Cmd-oopsla19-true-before.task-MC10_MongoLoglessDynamicRaft.tla; Cmd-arrays-true-before.task-MC10_Simple.tla; Cmd-funArrays-true-before.task-MC10_Simple.tla; Cmd-oopsla19-true-before.task-MC10_Simple.tla; Cmd-arrays-true-before.task-MC10_SimpleRegular.tla; Cmd-funArrays-true-before.task-MC10_SimpleRegular.tla; Cmd-oopsla19-true-before.task-MC10_SimpleRegular.tla; Cmd-arrays-true-before.task-MC10_TwoPhase.tla; Cmd-funArrays-true-before.task-MC10_TwoPhase.tla; Cmd-oopsla19-true-before.task-MC10_TwoPhase.tla; Cmd-arrays-true-before.task-MC10_client_server_ae.tla; Cmd-funArrays-true-before.task-MC10_client_server_ae.tla; Cmd-oopsla19-true-before.task-MC10_client_server_ae.tla; Cmd-arrays-true-before.task-MC10_consensus_epr.tla; Cmd-funArrays-true-before.task-MC10_consensus_epr.tla; Cmd-oopsla19-true-before.task-MC10_consensus_epr.tla; Cmd-arrays-true-before.task-MC10_consensus_forall.tla; Cmd-funArrays-true-before.task-MC10_consensus_forall.tla; Cmd-oopsla19-true-before.task-MC10_consensus_forall.tla; Cmd-arrays-true-before.task-MC10_consensus_wo_decide.tla; Cmd-funArrays-true-before.task-MC10_consensus_wo_decide.tla; Cmd-oopsla19-true-before.task-MC10_consensus_wo_decide.tla; Cmd-arrays-true-before.task-MC10_learning_switch.tla; Cmd-funArrays-true-before.task-MC10_learning_switch.tla; Cmd-oopsla19-true-before.task-MC10_learning_switch.tla; Cmd-arrays-true-before.task-MC10_lockserv.tla; Cmd-funArrays-true-before.task-MC10_lockserv.tla; Cmd-oopsla19-true-before.task-MC10_lockserv.tla; Cmd-arrays-true-before.task-MC10_lockserv_automaton.tla; Cmd-funArrays-true-before.task-MC10_lockserv_automaton.tla; Cmd-oopsla19-true-before.task-MC10_lockserv_automaton.tla; Cmd-arrays-true-before.task-MC10_lockserver.tla; Cmd-funArrays-true-before.task-MC10_lockserver.tla; Cmd-oopsla19-true-before.task-MC10_lockserver.tla; Cmd-arrays-true-before.task-MC10_majorityset_leader_election.tla; Cmd-funArrays-true-before.task-MC10_majorityset_leader_election.tla; Cmd-oopsla19-true-before.task-MC10_majorityset_leader_election.tla; Cmd-arrays-true-before.task-MC10_naive_consensus.tla; Cmd-funArrays-true-before.task-MC10_naive_consensus.tla; Cmd-oopsla19-true-before.task-MC10_naive_consensus.tla; Cmd-arrays-true-before.task-MC10_quorum_leader_election.tla; Cmd-funArrays-true-before.task-MC10_quorum_leader_election.tla; Cmd-oopsla19-true-before.task-MC10_quorum_leader_election.tla; Cmd-arrays-true-before.task-MC10_sharded_kv.tla; Cmd-funArrays-true-before.task-MC10_sharded_kv.tla; Cmd-oopsla19-true-before.task-MC10_sharded_kv.tla; Cmd-arrays-true-before.task-MC10_sharded_kv_no_lost_keys.tla; Cmd-funArrays-true-before.task-MC10_sharded_kv_no_lost_keys.tla; Cmd-oopsla19-true-before.task-MC10_sharded_kv_no_lost_keys.tla; Cmd-arrays-true-before.task-MC10_simple_decentralized_lock.tla; Cmd-funArrays-true-before.task-MC10_simple_decentralized_lock.tla; Cmd-oopsla19-true-before.task-MC10_simple_decentralized_lock.tla; Cmd-arrays-true-before.task-MC10_toy_consensus.tla; Cmd-funArrays-true-before.task-MC10_toy_consensus.tla; Cmd-oopsla19-true-before.task-MC10_toy_consensus.tla; Cmd-arrays-true-before.task-MC10_toy_consensus_epr.tla; Cmd-funArrays-true-before.task-MC10_toy_consensus_epr.tla; Cmd-oopsla19-true-before.task-MC10_toy_consensus_epr.tla; Cmd-arrays-true-before.task-MC10_toy_consensus_forall.tla; Cmd-funArrays-true-before.task-MC10_toy_consensus_forall.tla; Cmd-oopsla19-true-before.task-MC10_toy_consensus_forall.tla; Cmd-arrays-true-before.task-MC10_two_phase_commit.tla; Cmd-funArrays-true-before.task-MC10_two_phase_commit.tla; Cmd-oopsla19-true-before.task-MC10_two_phase_commit.tla; Cmd-arrays-true-before.task-MC3_Consensus.tla; Cmd-funArrays-true-before.task-MC3_Consensus.tla; Cmd-oopsla19-true-before.task-MC3_Consensus.tla; Cmd-arrays-true-before.task-MC3_MongoLoglessDynamicRaft.tla; Cmd-funArrays-true-before.task-MC3_MongoLoglessDynamicRaft.tla; Cmd-oopsla19-true-before.task-MC3_MongoLoglessDynamicRaft.tla; Cmd-arrays-true-before.task-MC3_Simple.tla; Cmd-funArrays-true-before.task-MC3_Simple.tla; Cmd-oopsla19-true-before.task-MC3_Simple.tla; Cmd-arrays-true-before.task-MC3_SimpleRegular.tla; Cmd-funArrays-true-before.task-MC3_SimpleRegular.tla; Cmd-oopsla19-true-before.task-MC3_SimpleRegular.tla; Cmd-arrays-true-before.task-MC3_TwoPhase.tla; Cmd-funArrays-true-before.task-MC3_TwoPhase.tla; Cmd-oopsla19-true-before.task-MC3_TwoPhase.tla; Cmd-arrays-true-before.task-MC3_client_server_ae.tla; Cmd-funArrays-true-before.task-MC3_client_server_ae.tla; Cmd-oopsla19-true-before.task-MC3_client_server_ae.tla; Cmd-arrays-true-before.task-MC3_consensus_epr.tla; Cmd-funArrays-true-before.task-MC3_consensus_epr.tla; Cmd-oopsla19-true-before.task-MC3_consensus_epr.tla; Cmd-arrays-true-before.task-MC3_consensus_forall.tla; Cmd-funArrays-true-before.task-MC3_consensus_forall.tla; Cmd-oopsla19-true-before.task-MC3_consensus_forall.tla; Cmd-arrays-true-before.task-MC3_consensus_wo_decide.tla; Cmd-funArrays-true-before.task-MC3_consensus_wo_decide.tla; Cmd-oopsla19-true-before.task-MC3_consensus_wo_decide.tla; Cmd-arrays-true-before.task-MC3_learning_switch.tla; Cmd-funArrays-true-before.task-MC3_learning_switch.tla; Cmd-oopsla19-true-before.task-MC3_learning_switch.tla; Cmd-arrays-true-before.task-MC3_lockserv.tla; Cmd-funArrays-true-before.task-MC3_lockserv.tla; Cmd-oopsla19-true-before.task-MC3_lockserv.tla; Cmd-arrays-true-before.task-MC3_lockserv_automaton.tla; Cmd-funArrays-true-before.task-MC3_lockserv_automaton.tla; Cmd-oopsla19-true-before.task-MC3_lockserv_automaton.tla; Cmd-arrays-true-before.task-MC3_lockserver.tla; Cmd-funArrays-true-before.task-MC3_lockserver.tla; Cmd-oopsla19-true-before.task-MC3_lockserver.tla; Cmd-arrays-true-before.task-MC3_majorityset_leader_election.tla; Cmd-funArrays-true-before.task-MC3_majorityset_leader_election.tla; Cmd-oopsla19-true-before.task-MC3_majorityset_leader_election.tla; Cmd-arrays-true-before.task-MC3_naive_consensus.tla; Cmd-funArrays-true-before.task-MC3_naive_consensus.tla; Cmd-oopsla19-true-before.task-MC3_naive_consensus.tla; Cmd-arrays-true-before.task-MC3_quorum_leader_election.tla; Cmd-funArrays-true-before.task-MC3_quorum_leader_election.tla; Cmd-oopsla19-true-before.task-MC3_quorum_leader_election.tla; Cmd-arrays-true-before.task-MC3_sharded_kv.tla; Cmd-funArrays-true-before.task-MC3_sharded_kv.tla; Cmd-oopsla19-true-before.task-MC3_sharded_kv.tla; Cmd-arrays-true-before.task-MC3_sharded_kv_no_lost_keys.tla; Cmd-funArrays-true-before.task-MC3_sharded_kv_no_lost_keys.tla; Cmd-oopsla19-true-before.task-MC3_sharded_kv_no_lost_keys.tla; Cmd-arrays-true-before.task-MC3_simple_decentralized_lock.tla; Cmd-funArrays-true-before.task-MC3_simple_decentralized_lock.tla; Cmd-oopsla19-true-before.task-MC3_simple_decentralized_lock.tla; Cmd-arrays-true-before.task-MC3_toy_consensus.tla; Cmd-funArrays-true-before.task-MC3_toy_consensus.tla; Cmd-oopsla19-true-before.task-MC3_toy_consensus.tla; Cmd-arrays-true-before.task-MC3_toy_consensus_epr.tla; Cmd-funArrays-true-before.task-MC3_toy_consensus_epr.tla; Cmd-oopsla19-true-before.task-MC3_toy_consensus_epr.tla; Cmd-arrays-true-before.task-MC3_toy_consensus_forall.tla; Cmd-funArrays-true-before.task-MC3_toy_consensus_forall.tla; Cmd-oopsla19-true-before.task-MC3_toy_consensus_forall.tla; Cmd-arrays-true-before.task-MC3_two_phase_commit.tla; Cmd-funArrays-true-before.task-MC3_two_phase_commit.tla; Cmd-oopsla19-true-before.task-MC3_two_phase_commit.tla]
/home/runner/work/apalache-bench/apalache-bench/endive/target/scala-2.13/resource_managed/main/		status	cputime (s)	walltime (s)	memory (MB)
004endive-apalache-001-run-endive-specs-MC10_Consensus.tla-Init-Next-Some(Inv)-task-MC10_Consensus.tla.yml	-0	ERROR (1)	0.7793582	0.7889665419999687	53.993472
004endive-apalache-001-run-endive-specs-MC10_Consensus.tla-Init-Next-Some(Inv)-task-MC10_Consensus.tla.yml	-1	ERROR (1)	0.7592758	0.7678031840000017	55.214080
004endive-apalache-001-run-endive-specs-MC10_Consensus.tla-Init-Next-Some(Inv)-task-MC10_Consensus.tla.yml	-2	ERROR (1)	0.7679647	0.7754708379999897	55.189504
004endive-apalache-001-run-endive-specs-MC10_MongoLoglessDynamicRaft.tla-Init-Next-Some(Safety)-task-MC10_MongoLoglessDynamicRaft.tla.yml	-3	ERROR (1)	0.7063805	0.5189437779999935	55.320576
004endive-apalache-001-run-endive-specs-MC10_MongoLoglessDynamicRaft.tla-Init-Next-Some(Safety)-task-MC10_MongoLoglessDynamicRaft.tla.yml	-4	ERROR (1)	0.7170452	0.5252317370000128	55.369728
004endive-apalache-001-run-endive-specs-MC10_MongoLoglessDynamicRaft.tla-Init-Next-Some(Safety)-task-MC10_MongoLoglessDynamicRaft.tla.yml	-5	ERROR (1)	0.7177781	0.5233468189999257	55.001088
004endive-apalache-001-run-endive-specs-MC10_Simple.tla-Init-Next-Some(Inv)-task-MC10_Simple.tla.yml	-6	ERROR (1)	0.7737556	0.7767451750000305	55.271424
004endive-apalache-001-run-endive-specs-MC10_Simple.tla-Init-Next-Some(Inv)-task-MC10_Simple.tla.yml	-7	ERROR (1)	0.7518855	0.7656220449999864	54.964224
004endive-apalache-001-run-endive-specs-MC10_Simple.tla-Init-Next-Some(Inv)-task-MC10_Simple.tla.yml	-8	ERROR (1)	0.7593092	0.7713685119999809	57.348096
004endive-apalache-001-run-endive-specs-MC10_SimpleRegular.tla-Init-Next-Some(Inv)-task-MC10_SimpleRegular.tla.yml	-9	ERROR (1)	0.7440322	0.7296206230000166	55.107584
004endive-apalache-001-run-endive-specs-MC10_SimpleRegular.tla-Init-Next-Some(Inv)-task-MC10_SimpleRegular.tla.yml	-10	ERROR (1)	0.7396436	0.7515883670000107	53.837824
004endive-apalache-001-run-endive-specs-MC10_SimpleRegular.tla-Init-Next-Some(Inv)-task-MC10_SimpleRegular.tla.yml	-11	ERROR (1)	0.750047	0.7576938349999978	54.771712
004endive-apalache-001-run-endive-specs-MC10_TwoPhase.tla-Init-Next-Some(TCConsistent)-task-MC10_TwoPhase.tla.yml	-12	ERROR (1)	0.7576098	0.731198586000005	54.022144
004endive-apalache-001-run-endive-specs-MC10_TwoPhase.tla-Init-Next-Some(TCConsistent)-task-MC10_TwoPhase.tla.yml	-13	ERROR (1)	0.7633144	0.7709112029999687	55.132160
004endive-apalache-001-run-endive-specs-MC10_TwoPhase.tla-Init-Next-Some(TCConsistent)-task-MC10_TwoPhase.tla.yml	-14	ERROR (1)	0.7420073	0.7389712670000108	55.017472
004endive-apalache-001-run-endive-specs-MC10_client_server_ae.tla-Init-Next-Some(Safety)-task-MC10_client_server_ae.tla.yml	-15	ERROR (1)	0.7173921	0.6538212919999751	53.911552
004endive-apalache-001-run-endive-specs-MC10_client_server_ae.tla-Init-Next-Some(Safety)-task-MC10_client_server_ae.tla.yml	-16	ERROR (1)	0.7304988	0.7151010189999738	53.768192
004endive-apalache-001-run-endive-specs-MC10_client_server_ae.tla-Init-Next-Some(Safety)-task-MC10_client_server_ae.tla.yml	-17	ERROR (1)	0.703412	0.6774627339999597	54.263808
004endive-apalache-001-run-endive-specs-MC10_consensus_epr.tla-Init-Next-Some(Safety)-task-MC10_consensus_epr.tla.yml	-18	ERROR (1)	0.7419559	0.7396176089999926	53.747712
004endive-apalache-001-run-endive-specs-MC10_consensus_epr.tla-Init-Next-Some(Safety)-task-MC10_consensus_epr.tla.yml	-19	ERROR (1)	0.7500799	0.7561105430000339	54.939648
004endive-apalache-001-run-endive-specs-MC10_consensus_epr.tla-Init-Next-Some(Safety)-task-MC10_consensus_epr.tla.yml	-20	ERROR (1)	0.7431777	0.7729748200000017	55.263232
004endive-apalache-001-run-endive-specs-MC10_consensus_forall.tla-Init-Next-Some(Safety)-task-MC10_consensus_forall.tla.yml	-21	ERROR (1)	0.7583871	0.6877783510000199	56.492032
004endive-apalache-001-run-endive-specs-MC10_consensus_forall.tla-Init-Next-Some(Safety)-task-MC10_consensus_forall.tla.yml	-22	ERROR (1)	0.7461082	0.758044502999951	55.033856
004endive-apalache-001-run-endive-specs-MC10_consensus_forall.tla-Init-Next-Some(Safety)-task-MC10_consensus_forall.tla.yml	-23	ERROR (1)	0.7676072	0.7639905600000247	54.882304
004endive-apalache-001-run-endive-specs-MC10_consensus_wo_decide.tla-Init-Next-Some(Safety)-task-MC10_consensus_wo_decide.tla.yml	-24	ERROR (1)	0.7323715	0.6697961169999758	54.988800
004endive-apalache-001-run-endive-specs-MC10_consensus_wo_decide.tla-Init-Next-Some(Safety)-task-MC10_consensus_wo_decide.tla.yml	-25	ERROR (1)	0.7463101	0.7313168979999887	55.472128
004endive-apalache-001-run-endive-specs-MC10_consensus_wo_decide.tla-Init-Next-Some(Safety)-task-MC10_consensus_wo_decide.tla.yml	-26	ERROR (1)	0.7396017	0.7282089630000428	55.058432
004endive-apalache-001-run-endive-specs-MC10_learning_switch.tla-Init-Next-Some(Safety)-task-MC10_learning_switch.tla.yml	-27	ERROR (1)	0.7352747	0.6979819809999981	54.042624
004endive-apalache-001-run-endive-specs-MC10_learning_switch.tla-Init-Next-Some(Safety)-task-MC10_learning_switch.tla.yml	-28	ERROR (1)	0.7405063	0.7190958979999778	54.128640
004endive-apalache-001-run-endive-specs-MC10_learning_switch.tla-Init-Next-Some(Safety)-task-MC10_learning_switch.tla.yml	-29	ERROR (1)	0.7308432	0.6861984590000247	54.013952
004endive-apalache-001-run-endive-specs-MC10_lockserv.tla-Init-Next-Some(Mutex)-task-MC10_lockserv.tla.yml	-30	ERROR (1)	0.7561839	0.7615969230000132	55.070720
004endive-apalache-001-run-endive-specs-MC10_lockserv.tla-Init-Next-Some(Mutex)-task-MC10_lockserv.tla.yml	-31	ERROR (1)	0.7716607	0.7598335040000279	55.169024
004endive-apalache-001-run-endive-specs-MC10_lockserv.tla-Init-Next-Some(Mutex)-task-MC10_lockserv.tla.yml	-32	ERROR (1)	0.7732844	0.7822632379999845	55.230464
004endive-apalache-001-run-endive-specs-MC10_lockserv_automaton.tla-Init-Next-Some(Mutex)-task-MC10_lockserv_automaton.tla.yml	-33	ERROR (1)	0.7505327	0.6846716830000332	54.640640
004endive-apalache-001-run-endive-specs-MC10_lockserv_automaton.tla-Init-Next-Some(Mutex)-task-MC10_lockserv_automaton.tla.yml	-34	ERROR (1)	0.7669349	0.7738509760000056	55.046144
004endive-apalache-001-run-endive-specs-MC10_lockserv_automaton.tla-Init-Next-Some(Mutex)-task-MC10_lockserv_automaton.tla.yml	-35	ERROR (1)	0.7708025	0.7735408719999555	55.660544
004endive-apalache-001-run-endive-specs-MC10_lockserver.tla-Init-Next-Some(Inv)-task-MC10_lockserver.tla.yml	-36	ERROR (1)	0.7512738	0.718526259999976	55.001088
004endive-apalache-001-run-endive-specs-MC10_lockserver.tla-Init-Next-Some(Inv)-task-MC10_lockserver.tla.yml	-37	ERROR (1)	0.7493579	0.7442141730000458	55.185408
004endive-apalache-001-run-endive-specs-MC10_lockserver.tla-Init-Next-Some(Inv)-task-MC10_lockserver.tla.yml	-38	ERROR (1)	0.7567664	0.749988720000033	55.853056
004endive-apalache-001-run-endive-specs-MC10_majorityset_leader_election.tla-Init-Next-Some(Safety)-task-MC10_majorityset_leader_election.tla.yml	-39	ERROR (1)	0.7170736	0.5950527210000018	54.140928
004endive-apalache-001-run-endive-specs-MC10_majorityset_leader_election.tla-Init-Next-Some(Safety)-task-MC10_majorityset_leader_election.tla.yml	-40	ERROR (1)	0.7254425	0.5650101389999804	55.283712
004endive-apalache-001-run-endive-specs-MC10_majorityset_leader_election.tla-Init-Next-Some(Safety)-task-MC10_majorityset_leader_election.tla.yml	-41	ERROR (1)	0.7001898	0.5762556859999677	55.468032
004endive-apalache-001-run-endive-specs-MC10_naive_consensus.tla-Init-Next-Some(Safety)-task-MC10_naive_consensus.tla.yml	-42	ERROR (1)	0.7188091	0.5239541519999875	54.972416
004endive-apalache-001-run-endive-specs-MC10_naive_consensus.tla-Init-Next-Some(Safety)-task-MC10_naive_consensus.tla.yml	-43	ERROR (1)	0.7128023	0.5292953059999945	55.074816
004endive-apalache-001-run-endive-specs-MC10_naive_consensus.tla-Init-Next-Some(Safety)-task-MC10_naive_consensus.tla.yml	-44	ERROR (1)	0.7205256	0.552665544999968	56.807424
004endive-apalache-001-run-endive-specs-MC10_quorum_leader_election.tla-Init-Next-Some(Inv)-task-MC10_quorum_leader_election.tla.yml	-45	ERROR (1)	0.6994672	0.5224423100000308	55.173120
004endive-apalache-001-run-endive-specs-MC10_quorum_leader_election.tla-Init-Next-Some(Inv)-task-MC10_quorum_leader_election.tla.yml	-46	ERROR (1)	0.7073289	0.5296339820000071	54.845440
004endive-apalache-001-run-endive-specs-MC10_quorum_leader_election.tla-Init-Next-Some(Inv)-task-MC10_quorum_leader_election.tla.yml	-47	ERROR (1)	0.7209684	0.5235582210000302	55.050240
004endive-apalache-001-run-endive-specs-MC10_sharded_kv.tla-Init-Next-Some(Safety)-task-MC10_sharded_kv.tla.yml	-48	ERROR (1)	0.70637	0.5161173449999978	55.115776
004endive-apalache-001-run-endive-specs-MC10_sharded_kv.tla-Init-Next-Some(Safety)-task-MC10_sharded_kv.tla.yml	-49	ERROR (1)	0.7161407	0.5337708079999857	55.218176
004endive-apalache-001-run-endive-specs-MC10_sharded_kv.tla-Init-Next-Some(Safety)-task-MC10_sharded_kv.tla.yml	-50	ERROR (1)	0.715829	0.5194898139999964	56.848384
004endive-apalache-001-run-endive-specs-MC10_sharded_kv_no_lost_keys.tla-Init-Next-Some(Safety)-task-MC10_sharded_kv_no_lost_keys.tla.yml	-51	ERROR (1)	0.7124856	0.5763946639999631	54.390784
004endive-apalache-001-run-endive-specs-MC10_sharded_kv_no_lost_keys.tla-Init-Next-Some(Safety)-task-MC10_sharded_kv_no_lost_keys.tla.yml	-52	ERROR (1)	0.7101024	0.5299115149999807	55.185408
004endive-apalache-001-run-endive-specs-MC10_sharded_kv_no_lost_keys.tla-Init-Next-Some(Safety)-task-MC10_sharded_kv_no_lost_keys.tla.yml	-53	ERROR (1)	0.7051511	0.5200908200000072	55.533568
004endive-apalache-001-run-endive-specs-MC10_simple_decentralized_lock.tla-Init-Next-Some(Inv)-task-MC10_simple_decentralized_lock.tla.yml	-54	ERROR (1)	0.7066462	0.5087872760000209	54.972416
004endive-apalache-001-run-endive-specs-MC10_simple_decentralized_lock.tla-Init-Next-Some(Inv)-task-MC10_simple_decentralized_lock.tla.yml	-55	ERROR (1)	0.720749	0.5599136959999669	55.418880
004endive-apalache-001-run-endive-specs-MC10_simple_decentralized_lock.tla-Init-Next-Some(Inv)-task-MC10_simple_decentralized_lock.tla.yml	-56	ERROR (1)	0.7566297	0.7585146160000136	54.943744
004endive-apalache-001-run-endive-specs-MC10_toy_consensus.tla-Init-Next-Some(Inv)-task-MC10_toy_consensus.tla.yml	-57	ERROR (1)	0.7144258	0.5329158220000068	55.230464
004endive-apalache-001-run-endive-specs-MC10_toy_consensus.tla-Init-Next-Some(Inv)-task-MC10_toy_consensus.tla.yml	-58	ERROR (1)	0.7012615	0.5182334279999736	56.827904
004endive-apalache-001-run-endive-specs-MC10_toy_consensus.tla-Init-Next-Some(Inv)-task-MC10_toy_consensus.tla.yml	-59	ERROR (1)	0.7147878	0.5165970159999915	55.144448
004endive-apalache-001-run-endive-specs-MC10_toy_consensus_epr.tla-Init-Next-Some(Safety)-task-MC10_toy_consensus_epr.tla.yml	-60	ERROR (1)	0.7247505	0.5248549909999838	54.718464
004endive-apalache-001-run-endive-specs-MC10_toy_consensus_epr.tla-Init-Next-Some(Safety)-task-MC10_toy_consensus_epr.tla.yml	-61	ERROR (1)	0.7173402	0.5261246029999711	54.665216
004endive-apalache-001-run-endive-specs-MC10_toy_consensus_epr.tla-Init-Next-Some(Safety)-task-MC10_toy_consensus_epr.tla.yml	-62	ERROR (1)	0.7168196	0.548681808000083	56.770560
004endive-apalache-001-run-endive-specs-MC10_toy_consensus_forall.tla-Init-Next-Some(Inv)-task-MC10_toy_consensus_forall.tla.yml	-63	ERROR (1)	0.7283481	0.5574776219999649	54.980608
004endive-apalache-001-run-endive-specs-MC10_toy_consensus_forall.tla-Init-Next-Some(Inv)-task-MC10_toy_consensus_forall.tla.yml	-64	ERROR (1)	0.7134959	0.5369273249999651	55.255040
004endive-apalache-001-run-endive-specs-MC10_toy_consensus_forall.tla-Init-Next-Some(Inv)-task-MC10_toy_consensus_forall.tla.yml	-65	ERROR (1)	0.7354078	0.5468492200000128	55.205888
004endive-apalache-001-run-endive-specs-MC10_two_phase_commit.tla-Init-Next-Some(Safety)-task-MC10_two_phase_commit.tla.yml	-66	ERROR (1)	0.7130781	0.5361819180000111	55.001088
004endive-apalache-001-run-endive-specs-MC10_two_phase_commit.tla-Init-Next-Some(Safety)-task-MC10_two_phase_commit.tla.yml	-67	ERROR (1)	0.7146112	0.5161895280000408	55.132160
004endive-apalache-001-run-endive-specs-MC10_two_phase_commit.tla-Init-Next-Some(Safety)-task-MC10_two_phase_commit.tla.yml	-68	ERROR (1)	0.7375337	0.5367851489999111	55.365632
004endive-apalache-001-run-endive-specs-MC3_Consensus.tla-Init-Next-Some(Inv)-task-MC3_Consensus.tla.yml	-69	ERROR (1)	0.7600025	0.7661471520000305	55.341056
004endive-apalache-001-run-endive-specs-MC3_Consensus.tla-Init-Next-Some(Inv)-task-MC3_Consensus.tla.yml	-70	ERROR (1)	0.7582655	0.7697013869999978	55.300096
004endive-apalache-001-run-endive-specs-MC3_Consensus.tla-Init-Next-Some(Inv)-task-MC3_Consensus.tla.yml	-71	ERROR (1)	0.7666756	0.7969843569999853	54.849536
004endive-apalache-001-run-endive-specs-MC3_MongoLoglessDynamicRaft.tla-Init-Next-Some(Safety)-task-MC3_MongoLoglessDynamicRaft.tla.yml	-72	ERROR (1)	0.713304	0.5385220649999383	53.624832
004endive-apalache-001-run-endive-specs-MC3_MongoLoglessDynamicRaft.tla-Init-Next-Some(Safety)-task-MC3_MongoLoglessDynamicRaft.tla.yml	-73	ERROR (1)	0.7107559	0.5228005150000854	55.279616
004endive-apalache-001-run-endive-specs-MC3_MongoLoglessDynamicRaft.tla-Init-Next-Some(Safety)-task-MC3_MongoLoglessDynamicRaft.tla.yml	-74	ERROR (1)	0.7117283	0.5311306940000122	56.623104
004endive-apalache-001-run-endive-specs-MC3_Simple.tla-Init-Next-Some(Inv)-task-MC3_Simple.tla.yml	-75	ERROR (1)	0.7691029	0.7685242750000043	53.854208
004endive-apalache-001-run-endive-specs-MC3_Simple.tla-Init-Next-Some(Inv)-task-MC3_Simple.tla.yml	-76	ERROR (1)	0.74853	0.756894243999966	55.148544
004endive-apalache-001-run-endive-specs-MC3_Simple.tla-Init-Next-Some(Inv)-task-MC3_Simple.tla.yml	-77	ERROR (1)	0.7532483	0.7658993489999943	55.447552
004endive-apalache-001-run-endive-specs-MC3_SimpleRegular.tla-Init-Next-Some(Inv)-task-MC3_SimpleRegular.tla.yml	-78	ERROR (1)	0.7668957	0.7649270160000015	54.784000
004endive-apalache-001-run-endive-specs-MC3_SimpleRegular.tla-Init-Next-Some(Inv)-task-MC3_SimpleRegular.tla.yml	-79	ERROR (1)	0.7472463	0.7601551619999896	54.714368
004endive-apalache-001-run-endive-specs-MC3_SimpleRegular.tla-Init-Next-Some(Inv)-task-MC3_SimpleRegular.tla.yml	-80	ERROR (1)	0.7606847	0.7683785549999698	53.968896
004endive-apalache-001-run-endive-specs-MC3_TwoPhase.tla-Init-Next-Some(TCConsistent)-task-MC3_TwoPhase.tla.yml	-81	ERROR (1)	0.7563777	0.7725378239999827	53.751808
004endive-apalache-001-run-endive-specs-MC3_TwoPhase.tla-Init-Next-Some(TCConsistent)-task-MC3_TwoPhase.tla.yml	-82	ERROR (1)	0.7593801	0.7659877079999546	55.214080
004endive-apalache-001-run-endive-specs-MC3_TwoPhase.tla-Init-Next-Some(TCConsistent)-task-MC3_TwoPhase.tla.yml	-83	ERROR (1)	0.7546265	0.765146843000025	54.153216
004endive-apalache-001-run-endive-specs-MC3_client_server_ae.tla-Init-Next-Some(Safety)-task-MC3_client_server_ae.tla.yml	-84	ERROR (1)	0.7288558	0.6844471949999615	53.977088
004endive-apalache-001-run-endive-specs-MC3_client_server_ae.tla-Init-Next-Some(Safety)-task-MC3_client_server_ae.tla.yml	-85	ERROR (1)	0.7389067	0.6901440149999871	55.754752
004endive-apalache-001-run-endive-specs-MC3_client_server_ae.tla-Init-Next-Some(Safety)-task-MC3_client_server_ae.tla.yml	-86	ERROR (1)	0.7180613	0.614039822000052	54.747136
004endive-apalache-001-run-endive-specs-MC3_consensus_epr.tla-Init-Next-Some(Safety)-task-MC3_consensus_epr.tla.yml	-87	ERROR (1)	0.7382648	0.7586554650000039	55.431168
004endive-apalache-001-run-endive-specs-MC3_consensus_epr.tla-Init-Next-Some(Safety)-task-MC3_consensus_epr.tla.yml	-88	ERROR (1)	0.7518923	0.7594923180000137	54.558720
004endive-apalache-001-run-endive-specs-MC3_consensus_epr.tla-Init-Next-Some(Safety)-task-MC3_consensus_epr.tla.yml	-89	ERROR (1)	0.7639977	0.7811779620000152	54.943744
004endive-apalache-001-run-endive-specs-MC3_consensus_forall.tla-Init-Next-Some(Safety)-task-MC3_consensus_forall.tla.yml	-90	ERROR (1)	0.7350012	0.7106408650000162	54.087680
004endive-apalache-001-run-endive-specs-MC3_consensus_forall.tla-Init-Next-Some(Safety)-task-MC3_consensus_forall.tla.yml	-91	ERROR (1)	0.7486651	0.7919207200000073	54.951936
004endive-apalache-001-run-endive-specs-MC3_consensus_forall.tla-Init-Next-Some(Safety)-task-MC3_consensus_forall.tla.yml	-92	ERROR (1)	0.7600483	0.7427213029999962	55.263232
004endive-apalache-001-run-endive-specs-MC3_consensus_wo_decide.tla-Init-Next-Some(Safety)-task-MC3_consensus_wo_decide.tla.yml	-93	ERROR (1)	0.746869	0.737633867999989	55.234560
004endive-apalache-001-run-endive-specs-MC3_consensus_wo_decide.tla-Init-Next-Some(Safety)-task-MC3_consensus_wo_decide.tla.yml	-94	ERROR (1)	0.7498662	0.7299821829999473	57.217024
004endive-apalache-001-run-endive-specs-MC3_consensus_wo_decide.tla-Init-Next-Some(Safety)-task-MC3_consensus_wo_decide.tla.yml	-95	ERROR (1)	0.7547488	0.7621617389999642	55.173120
004endive-apalache-001-run-endive-specs-MC3_learning_switch.tla-Init-Next-Some(Safety)-task-MC3_learning_switch.tla.yml	-96	ERROR (1)	0.7448087	0.7130454360000158	55.369728
004endive-apalache-001-run-endive-specs-MC3_learning_switch.tla-Init-Next-Some(Safety)-task-MC3_learning_switch.tla.yml	-97	ERROR (1)	0.7431518	0.7210212169999863	55.037952
004endive-apalache-001-run-endive-specs-MC3_learning_switch.tla-Init-Next-Some(Safety)-task-MC3_learning_switch.tla.yml	-98	ERROR (1)	0.7509188	0.7303170139999793	54.824960
004endive-apalache-001-run-endive-specs-MC3_lockserv.tla-Init-Next-Some(Mutex)-task-MC3_lockserv.tla.yml	-99	ERROR (1)	0.7532434	0.7321407429999454	54.652928
004endive-apalache-001-run-endive-specs-MC3_lockserv.tla-Init-Next-Some(Mutex)-task-MC3_lockserv.tla.yml	-100	ERROR (1)	0.7307879	0.7061653449999881	56.823808
004endive-apalache-001-run-endive-specs-MC3_lockserv.tla-Init-Next-Some(Mutex)-task-MC3_lockserv.tla.yml	-101	ERROR (1)	0.762355	0.7695249049999688	55.205888
004endive-apalache-001-run-endive-specs-MC3_lockserv_automaton.tla-Init-Next-Some(Mutex)-task-MC3_lockserv_automaton.tla.yml	-102	ERROR (1)	0.7722192	0.7651864599999953	55.349248
004endive-apalache-001-run-endive-specs-MC3_lockserv_automaton.tla-Init-Next-Some(Mutex)-task-MC3_lockserv_automaton.tla.yml	-103	ERROR (1)	0.7644093	0.7639161459999855	55.246848
004endive-apalache-001-run-endive-specs-MC3_lockserv_automaton.tla-Init-Next-Some(Mutex)-task-MC3_lockserv_automaton.tla.yml	-104	ERROR (1)	0.7478461	0.7621643649999896	57.073664
004endive-apalache-001-run-endive-specs-MC3_lockserver.tla-Init-Next-Some(Inv)-task-MC3_lockserver.tla.yml	-105	ERROR (1)	0.7516017	0.7184632249999936	55.480320
004endive-apalache-001-run-endive-specs-MC3_lockserver.tla-Init-Next-Some(Inv)-task-MC3_lockserver.tla.yml	-106	ERROR (1)	0.7514806	0.713815674999978	55.336960
004endive-apalache-001-run-endive-specs-MC3_lockserver.tla-Init-Next-Some(Inv)-task-MC3_lockserver.tla.yml	-107	ERROR (1)	0.7447048	0.7141770780000343	53.977088
004endive-apalache-001-run-endive-specs-MC3_majorityset_leader_election.tla-Init-Next-Some(Safety)-task-MC3_majorityset_leader_election.tla.yml	-108	ERROR (1)	0.7714235	0.7563268730000345	55.758848
004endive-apalache-001-run-endive-specs-MC3_majorityset_leader_election.tla-Init-Next-Some(Safety)-task-MC3_majorityset_leader_election.tla.yml	-109	ERROR (1)	0.7577225	0.7302299660000244	55.107584
004endive-apalache-001-run-endive-specs-MC3_majorityset_leader_election.tla-Init-Next-Some(Safety)-task-MC3_majorityset_leader_election.tla.yml	-110	ERROR (1)	0.7258458	0.6225400079999872	54.960128
004endive-apalache-001-run-endive-specs-MC3_naive_consensus.tla-Init-Next-Some(Safety)-task-MC3_naive_consensus.tla.yml	-111	ERROR (1)	0.7224421	0.6527389670000048	54.878208
004endive-apalache-001-run-endive-specs-MC3_naive_consensus.tla-Init-Next-Some(Safety)-task-MC3_naive_consensus.tla.yml	-112	ERROR (1)	0.7227992	0.6536306760000343	54.616064
004endive-apalache-001-run-endive-specs-MC3_naive_consensus.tla-Init-Next-Some(Safety)-task-MC3_naive_consensus.tla.yml	-113	ERROR (1)	0.7375507	0.5741865640000015	54.497280
004endive-apalache-001-run-endive-specs-MC3_quorum_leader_election.tla-Init-Next-Some(Inv)-task-MC3_quorum_leader_election.tla.yml	-114	ERROR (1)	0.7283738	0.5622089419999838	54.575104
004endive-apalache-001-run-endive-specs-MC3_quorum_leader_election.tla-Init-Next-Some(Inv)-task-MC3_quorum_leader_election.tla.yml	-115	ERROR (1)	0.7139743	0.560955005999972	56.659968
004endive-apalache-001-run-endive-specs-MC3_quorum_leader_election.tla-Init-Next-Some(Inv)-task-MC3_quorum_leader_election.tla.yml	-116	ERROR (1)	0.7601247	0.7862164899999584	55.226368
004endive-apalache-001-run-endive-specs-MC3_sharded_kv.tla-Init-Next-Some(Safety)-task-MC3_sharded_kv.tla.yml	-117	ERROR (1)	0.7101521	0.5553171439999574	54.427648
004endive-apalache-001-run-endive-specs-MC3_sharded_kv.tla-Init-Next-Some(Safety)-task-MC3_sharded_kv.tla.yml	-118	ERROR (1)	0.7309144	0.5521835119999992	55.312384
004endive-apalache-001-run-endive-specs-MC3_sharded_kv.tla-Init-Next-Some(Safety)-task-MC3_sharded_kv.tla.yml	-119	ERROR (1)	0.7193023	0.5295344819999741	55.136256
004endive-apalache-001-run-endive-specs-MC3_sharded_kv_no_lost_keys.tla-Init-Next-Some(Safety)-task-MC3_sharded_kv_no_lost_keys.tla.yml	-120	ERROR (1)	0.7336024	0.5526520349999942	55.541760
004endive-apalache-001-run-endive-specs-MC3_sharded_kv_no_lost_keys.tla-Init-Next-Some(Safety)-task-MC3_sharded_kv_no_lost_keys.tla.yml	-121	ERROR (1)	0.7260375	0.5466423760000225	55.119872
004endive-apalache-001-run-endive-specs-MC3_sharded_kv_no_lost_keys.tla-Init-Next-Some(Safety)-task-MC3_sharded_kv_no_lost_keys.tla.yml	-122	ERROR (1)	0.7028983	0.5364020779999805	55.427072
004endive-apalache-001-run-endive-specs-MC3_simple_decentralized_lock.tla-Init-Next-Some(Inv)-task-MC3_simple_decentralized_lock.tla.yml	-123	ERROR (1)	0.7054214	0.5189064080000207	55.001088
004endive-apalache-001-run-endive-specs-MC3_simple_decentralized_lock.tla-Init-Next-Some(Inv)-task-MC3_simple_decentralized_lock.tla.yml	-124	ERROR (1)	0.7103038	0.5271094089999906	53.506048
004endive-apalache-001-run-endive-specs-MC3_simple_decentralized_lock.tla-Init-Next-Some(Inv)-task-MC3_simple_decentralized_lock.tla.yml	-125	ERROR (1)	0.7085173	0.5269407600000022	53.354496
004endive-apalache-001-run-endive-specs-MC3_toy_consensus.tla-Init-Next-Some(Inv)-task-MC3_toy_consensus.tla.yml	-126	ERROR (1)	0.7175651	0.5277720689999796	55.111680
004endive-apalache-001-run-endive-specs-MC3_toy_consensus.tla-Init-Next-Some(Inv)-task-MC3_toy_consensus.tla.yml	-127	ERROR (1)	0.7062171	0.5229475200000024	55.083008
004endive-apalache-001-run-endive-specs-MC3_toy_consensus.tla-Init-Next-Some(Inv)-task-MC3_toy_consensus.tla.yml	-128	ERROR (1)	0.7176246	0.5285136760000455	55.242752
004endive-apalache-001-run-endive-specs-MC3_toy_consensus_epr.tla-Init-Next-Some(Safety)-task-MC3_toy_consensus_epr.tla.yml	-129	ERROR (1)	0.7596493	0.8385278549999953	56.762368
004endive-apalache-001-run-endive-specs-MC3_toy_consensus_epr.tla-Init-Next-Some(Safety)-task-MC3_toy_consensus_epr.tla.yml	-130	ERROR (1)	0.7257687	0.5306242440000233	55.230464
004endive-apalache-001-run-endive-specs-MC3_toy_consensus_epr.tla-Init-Next-Some(Safety)-task-MC3_toy_consensus_epr.tla.yml	-131	ERROR (1)	0.7309363	0.5233564779999824	54.669312
004endive-apalache-001-run-endive-specs-MC3_toy_consensus_forall.tla-Init-Next-Some(Inv)-task-MC3_toy_consensus_forall.tla.yml	-132	ERROR (1)	0.7078982	0.5106312609999577	57.081856
004endive-apalache-001-run-endive-specs-MC3_toy_consensus_forall.tla-Init-Next-Some(Inv)-task-MC3_toy_consensus_forall.tla.yml	-133	ERROR (1)	0.7169738	0.5222522940000545	55.197696
004endive-apalache-001-run-endive-specs-MC3_toy_consensus_forall.tla-Init-Next-Some(Inv)-task-MC3_toy_consensus_forall.tla.yml	-134	ERROR (1)	0.7279212	0.5507528569999067	54.894592
004endive-apalache-001-run-endive-specs-MC3_two_phase_commit.tla-Init-Next-Some(Safety)-task-MC3_two_phase_commit.tla.yml	-135	ERROR (1)	0.7087032	0.5190463550000004	54.976512
004endive-apalache-001-run-endive-specs-MC3_two_phase_commit.tla-Init-Next-Some(Safety)-task-MC3_two_phase_commit.tla.yml	-136	ERROR (1)	0.7020614	0.5279879400000027	55.185408
004endive-apalache-001-run-endive-specs-MC3_two_phase_commit.tla-Init-Next-Some(Safety)-task-MC3_two_phase_commit.tla.yml	-137	ERROR (1)	0.7269131	0.5539978880000263	54.996992
