tool		Apalache v0.29.2-11-gda6361c0d	Apalache v0.29.2-11-gda6361c0d	Apalache v0.29.2-11-gda6361c0d	Apalache v0.29.2-11-gda6361c0d
run set		[Cmd-CInit0-arrays-true-before.task-FunUse.tla; Cmd-CInit0-oopsla19-true-before.task-FunUse.tla; Cmd-CInit10-arrays-true-before.task-FunUse.tla; Cmd-CInit10-oopsla19-true-before.task-FunUse.tla; Cmd-CInit12-arrays-true-before.task-FunUse.tla; Cmd-CInit12-oopsla19-true-before.task-FunUse.tla; Cmd-CInit14-arrays-true-before.task-FunUse.tla; Cmd-CInit14-oopsla19-true-before.task-FunUse.tla; Cmd-CInit2-arrays-true-before.task-FunUse.tla; Cmd-CInit2-oopsla19-true-before.task-FunUse.tla; Cmd-CInit4-arrays-true-before.task-FunUse.tla; Cmd-CInit4-oopsla19-true-before.task-FunUse.tla; Cmd-CInit6-arrays-true-before.task-FunUse.tla; Cmd-CInit6-oopsla19-true-before.task-FunUse.tla; Cmd-CInit8-arrays-true-before.task-FunUse.tla; Cmd-CInit8-oopsla19-true-before.task-FunUse.tla; Cmd-CInit0-arrays-true-before.task-SetAdd.tla; Cmd-CInit0-oopsla19-true-before.task-SetAdd.tla; Cmd-CInit10-arrays-true-before.task-SetAdd.tla; Cmd-CInit10-oopsla19-true-before.task-SetAdd.tla; Cmd-CInit12-arrays-true-before.task-SetAdd.tla; Cmd-CInit12-oopsla19-true-before.task-SetAdd.tla; Cmd-CInit14-arrays-true-before.task-SetAdd.tla; Cmd-CInit14-oopsla19-true-before.task-SetAdd.tla; Cmd-CInit2-arrays-true-before.task-SetAdd.tla; Cmd-CInit2-oopsla19-true-before.task-SetAdd.tla; Cmd-CInit4-arrays-true-before.task-SetAdd.tla; Cmd-CInit4-oopsla19-true-before.task-SetAdd.tla; Cmd-CInit6-arrays-true-before.task-SetAdd.tla; Cmd-CInit6-oopsla19-true-before.task-SetAdd.tla; Cmd-CInit8-arrays-true-before.task-SetAdd.tla; Cmd-CInit8-oopsla19-true-before.task-SetAdd.tla; Cmd-CInit0-arrays-true-before.task-SetAddDel.tla; Cmd-CInit0-oopsla19-true-before.task-SetAddDel.tla; Cmd-CInit10-arrays-true-before.task-SetAddDel.tla; Cmd-CInit10-oopsla19-true-before.task-SetAddDel.tla; Cmd-CInit12-arrays-true-before.task-SetAddDel.tla; Cmd-CInit12-oopsla19-true-before.task-SetAddDel.tla; Cmd-CInit14-arrays-true-before.task-SetAddDel.tla; Cmd-CInit14-oopsla19-true-before.task-SetAddDel.tla; Cmd-CInit2-arrays-true-before.task-SetAddDel.tla; Cmd-CInit2-oopsla19-true-before.task-SetAddDel.tla; Cmd-CInit4-arrays-true-before.task-SetAddDel.tla; Cmd-CInit4-oopsla19-true-before.task-SetAddDel.tla; Cmd-CInit6-arrays-true-before.task-SetAddDel.tla; Cmd-CInit6-oopsla19-true-before.task-SetAddDel.tla; Cmd-CInit8-arrays-true-before.task-SetAddDel.tla; Cmd-CInit8-oopsla19-true-before.task-SetAddDel.tla; Cmd-CInit0-arrays-true-before.task-SetDel.tla; Cmd-CInit0-oopsla19-true-before.task-SetDel.tla; Cmd-CInit10-arrays-true-before.task-SetDel.tla; Cmd-CInit10-oopsla19-true-before.task-SetDel.tla; Cmd-CInit12-arrays-true-before.task-SetDel.tla; Cmd-CInit12-oopsla19-true-before.task-SetDel.tla; Cmd-CInit14-arrays-true-before.task-SetDel.tla; Cmd-CInit14-oopsla19-true-before.task-SetDel.tla; Cmd-CInit2-arrays-true-before.task-SetDel.tla; Cmd-CInit2-oopsla19-true-before.task-SetDel.tla; Cmd-CInit4-arrays-true-before.task-SetDel.tla; Cmd-CInit4-oopsla19-true-before.task-SetDel.tla; Cmd-CInit6-arrays-true-before.task-SetDel.tla; Cmd-CInit6-oopsla19-true-before.task-SetDel.tla; Cmd-CInit8-arrays-true-before.task-SetDel.tla; Cmd-CInit8-oopsla19-true-before.task-SetDel.tla; Cmd-CInit0-arrays-true-before.task-SetFilter.tla; Cmd-CInit0-oopsla19-true-before.task-SetFilter.tla; Cmd-CInit10-arrays-true-before.task-SetFilter.tla; Cmd-CInit10-oopsla19-true-before.task-SetFilter.tla; Cmd-CInit12-arrays-true-before.task-SetFilter.tla; Cmd-CInit12-oopsla19-true-before.task-SetFilter.tla; Cmd-CInit14-arrays-true-before.task-SetFilter.tla; Cmd-CInit14-oopsla19-true-before.task-SetFilter.tla; Cmd-CInit2-arrays-true-before.task-SetFilter.tla; Cmd-CInit2-oopsla19-true-before.task-SetFilter.tla; Cmd-CInit4-arrays-true-before.task-SetFilter.tla; Cmd-CInit4-oopsla19-true-before.task-SetFilter.tla; Cmd-CInit6-arrays-true-before.task-SetFilter.tla; Cmd-CInit6-oopsla19-true-before.task-SetFilter.tla; Cmd-CInit8-arrays-true-before.task-SetFilter.tla; Cmd-CInit8-oopsla19-true-before.task-SetFilter.tla; Cmd-CInit0-arrays-true-before.task-SetMap.tla; Cmd-CInit0-oopsla19-true-before.task-SetMap.tla; Cmd-CInit10-arrays-true-before.task-SetMap.tla; Cmd-CInit10-oopsla19-true-before.task-SetMap.tla; Cmd-CInit12-arrays-true-before.task-SetMap.tla; Cmd-CInit12-oopsla19-true-before.task-SetMap.tla; Cmd-CInit14-arrays-true-before.task-SetMap.tla; Cmd-CInit14-oopsla19-true-before.task-SetMap.tla; Cmd-CInit2-arrays-true-before.task-SetMap.tla; Cmd-CInit2-oopsla19-true-before.task-SetMap.tla; Cmd-CInit4-arrays-true-before.task-SetMap.tla; Cmd-CInit4-oopsla19-true-before.task-SetMap.tla; Cmd-CInit6-arrays-true-before.task-SetMap.tla; Cmd-CInit6-oopsla19-true-before.task-SetMap.tla; Cmd-CInit8-arrays-true-before.task-SetMap.tla; Cmd-CInit8-oopsla19-true-before.task-SetMap.tla; Cmd-CInit0-arrays-true-before.task-SetMembership.tla; Cmd-CInit0-oopsla19-true-before.task-SetMembership.tla; Cmd-CInit10-arrays-true-before.task-SetMembership.tla; Cmd-CInit10-oopsla19-true-before.task-SetMembership.tla; Cmd-CInit12-arrays-true-before.task-SetMembership.tla; Cmd-CInit12-oopsla19-true-before.task-SetMembership.tla; Cmd-CInit14-arrays-true-before.task-SetMembership.tla; Cmd-CInit14-oopsla19-true-before.task-SetMembership.tla; Cmd-CInit2-arrays-true-before.task-SetMembership.tla; Cmd-CInit2-oopsla19-true-before.task-SetMembership.tla; Cmd-CInit4-arrays-true-before.task-SetMembership.tla; Cmd-CInit4-oopsla19-true-before.task-SetMembership.tla; Cmd-CInit6-arrays-true-before.task-SetMembership.tla; Cmd-CInit6-oopsla19-true-before.task-SetMembership.tla; Cmd-CInit8-arrays-true-before.task-SetMembership.tla; Cmd-CInit8-oopsla19-true-before.task-SetMembership.tla; Cmd-CInit0-arrays-true-before.task-SetSndRcv.tla; Cmd-CInit0-oopsla19-true-before.task-SetSndRcv.tla; Cmd-CInit10-arrays-true-before.task-SetSndRcv.tla; Cmd-CInit10-oopsla19-true-before.task-SetSndRcv.tla; Cmd-CInit12-arrays-true-before.task-SetSndRcv.tla; Cmd-CInit12-oopsla19-true-before.task-SetSndRcv.tla; Cmd-CInit14-arrays-true-before.task-SetSndRcv.tla; Cmd-CInit14-oopsla19-true-before.task-SetSndRcv.tla; Cmd-CInit2-arrays-true-before.task-SetSndRcv.tla; Cmd-CInit2-oopsla19-true-before.task-SetSndRcv.tla; Cmd-CInit4-arrays-true-before.task-SetSndRcv.tla; Cmd-CInit4-oopsla19-true-before.task-SetSndRcv.tla; Cmd-CInit6-arrays-true-before.task-SetSndRcv.tla; Cmd-CInit6-oopsla19-true-before.task-SetSndRcv.tla; Cmd-CInit8-arrays-true-before.task-SetSndRcv.tla; Cmd-CInit8-oopsla19-true-before.task-SetSndRcv.tla; Cmd-CInit0-arrays-true-before.task-SetSndRcv_NoFullDrop.tla; Cmd-CInit0-oopsla19-true-before.task-SetSndRcv_NoFullDrop.tla; Cmd-CInit10-arrays-true-before.task-SetSndRcv_NoFullDrop.tla; Cmd-CInit10-oopsla19-true-before.task-SetSndRcv_NoFullDrop.tla; Cmd-CInit12-arrays-true-before.task-SetSndRcv_NoFullDrop.tla; Cmd-CInit12-oopsla19-true-before.task-SetSndRcv_NoFullDrop.tla; Cmd-CInit14-arrays-true-before.task-SetSndRcv_NoFullDrop.tla; Cmd-CInit14-oopsla19-true-before.task-SetSndRcv_NoFullDrop.tla; Cmd-CInit2-arrays-true-before.task-SetSndRcv_NoFullDrop.tla; Cmd-CInit2-oopsla19-true-before.task-SetSndRcv_NoFullDrop.tla; Cmd-CInit4-arrays-true-before.task-SetSndRcv_NoFullDrop.tla; Cmd-CInit4-oopsla19-true-before.task-SetSndRcv_NoFullDrop.tla; Cmd-CInit6-arrays-true-before.task-SetSndRcv_NoFullDrop.tla; Cmd-CInit6-oopsla19-true-before.task-SetSndRcv_NoFullDrop.tla; Cmd-CInit8-arrays-true-before.task-SetSndRcv_NoFullDrop.tla; Cmd-CInit8-oopsla19-true-before.task-SetSndRcv_NoFullDrop.tla; Cmd-CInit0-arrays-true-before.task-Subset.tla; Cmd-CInit0-oopsla19-true-before.task-Subset.tla; Cmd-CInit10-arrays-true-before.task-Subset.tla; Cmd-CInit10-oopsla19-true-before.task-Subset.tla; Cmd-CInit12-arrays-true-before.task-Subset.tla; Cmd-CInit12-oopsla19-true-before.task-Subset.tla; Cmd-CInit14-arrays-true-before.task-Subset.tla; Cmd-CInit14-oopsla19-true-before.task-Subset.tla; Cmd-CInit2-arrays-true-before.task-Subset.tla; Cmd-CInit2-oopsla19-true-before.task-Subset.tla; Cmd-CInit4-arrays-true-before.task-Subset.tla; Cmd-CInit4-oopsla19-true-before.task-Subset.tla; Cmd-CInit6-arrays-true-before.task-Subset.tla; Cmd-CInit6-oopsla19-true-before.task-Subset.tla; Cmd-CInit8-arrays-true-before.task-Subset.tla; Cmd-CInit8-oopsla19-true-before.task-Subset.tla]	[Cmd-CInit0-arrays-true-before.task-FunUse.tla; Cmd-CInit0-oopsla19-true-before.task-FunUse.tla; Cmd-CInit10-arrays-true-before.task-FunUse.tla; Cmd-CInit10-oopsla19-true-before.task-FunUse.tla; Cmd-CInit12-arrays-true-before.task-FunUse.tla; Cmd-CInit12-oopsla19-true-before.task-FunUse.tla; Cmd-CInit14-arrays-true-before.task-FunUse.tla; Cmd-CInit14-oopsla19-true-before.task-FunUse.tla; Cmd-CInit2-arrays-true-before.task-FunUse.tla; Cmd-CInit2-oopsla19-true-before.task-FunUse.tla; Cmd-CInit4-arrays-true-before.task-FunUse.tla; Cmd-CInit4-oopsla19-true-before.task-FunUse.tla; Cmd-CInit6-arrays-true-before.task-FunUse.tla; Cmd-CInit6-oopsla19-true-before.task-FunUse.tla; Cmd-CInit8-arrays-true-before.task-FunUse.tla; Cmd-CInit8-oopsla19-true-before.task-FunUse.tla; Cmd-CInit0-arrays-true-before.task-SetAdd.tla; Cmd-CInit0-oopsla19-true-before.task-SetAdd.tla; Cmd-CInit10-arrays-true-before.task-SetAdd.tla; Cmd-CInit10-oopsla19-true-before.task-SetAdd.tla; Cmd-CInit12-arrays-true-before.task-SetAdd.tla; Cmd-CInit12-oopsla19-true-before.task-SetAdd.tla; Cmd-CInit14-arrays-true-before.task-SetAdd.tla; Cmd-CInit14-oopsla19-true-before.task-SetAdd.tla; Cmd-CInit2-arrays-true-before.task-SetAdd.tla; Cmd-CInit2-oopsla19-true-before.task-SetAdd.tla; Cmd-CInit4-arrays-true-before.task-SetAdd.tla; Cmd-CInit4-oopsla19-true-before.task-SetAdd.tla; Cmd-CInit6-arrays-true-before.task-SetAdd.tla; Cmd-CInit6-oopsla19-true-before.task-SetAdd.tla; Cmd-CInit8-arrays-true-before.task-SetAdd.tla; Cmd-CInit8-oopsla19-true-before.task-SetAdd.tla; Cmd-CInit0-arrays-true-before.task-SetAddDel.tla; Cmd-CInit0-oopsla19-true-before.task-SetAddDel.tla; Cmd-CInit10-arrays-true-before.task-SetAddDel.tla; Cmd-CInit10-oopsla19-true-before.task-SetAddDel.tla; Cmd-CInit12-arrays-true-before.task-SetAddDel.tla; Cmd-CInit12-oopsla19-true-before.task-SetAddDel.tla; Cmd-CInit14-arrays-true-before.task-SetAddDel.tla; Cmd-CInit14-oopsla19-true-before.task-SetAddDel.tla; Cmd-CInit2-arrays-true-before.task-SetAddDel.tla; Cmd-CInit2-oopsla19-true-before.task-SetAddDel.tla; Cmd-CInit4-arrays-true-before.task-SetAddDel.tla; Cmd-CInit4-oopsla19-true-before.task-SetAddDel.tla; Cmd-CInit6-arrays-true-before.task-SetAddDel.tla; Cmd-CInit6-oopsla19-true-before.task-SetAddDel.tla; Cmd-CInit8-arrays-true-before.task-SetAddDel.tla; Cmd-CInit8-oopsla19-true-before.task-SetAddDel.tla; Cmd-CInit0-arrays-true-before.task-SetDel.tla; Cmd-CInit0-oopsla19-true-before.task-SetDel.tla; Cmd-CInit10-arrays-true-before.task-SetDel.tla; Cmd-CInit10-oopsla19-true-before.task-SetDel.tla; Cmd-CInit12-arrays-true-before.task-SetDel.tla; Cmd-CInit12-oopsla19-true-before.task-SetDel.tla; Cmd-CInit14-arrays-true-before.task-SetDel.tla; Cmd-CInit14-oopsla19-true-before.task-SetDel.tla; Cmd-CInit2-arrays-true-before.task-SetDel.tla; Cmd-CInit2-oopsla19-true-before.task-SetDel.tla; Cmd-CInit4-arrays-true-before.task-SetDel.tla; Cmd-CInit4-oopsla19-true-before.task-SetDel.tla; Cmd-CInit6-arrays-true-before.task-SetDel.tla; Cmd-CInit6-oopsla19-true-before.task-SetDel.tla; Cmd-CInit8-arrays-true-before.task-SetDel.tla; Cmd-CInit8-oopsla19-true-before.task-SetDel.tla; Cmd-CInit0-arrays-true-before.task-SetFilter.tla; Cmd-CInit0-oopsla19-true-before.task-SetFilter.tla; Cmd-CInit10-arrays-true-before.task-SetFilter.tla; Cmd-CInit10-oopsla19-true-before.task-SetFilter.tla; Cmd-CInit12-arrays-true-before.task-SetFilter.tla; Cmd-CInit12-oopsla19-true-before.task-SetFilter.tla; Cmd-CInit14-arrays-true-before.task-SetFilter.tla; Cmd-CInit14-oopsla19-true-before.task-SetFilter.tla; Cmd-CInit2-arrays-true-before.task-SetFilter.tla; Cmd-CInit2-oopsla19-true-before.task-SetFilter.tla; Cmd-CInit4-arrays-true-before.task-SetFilter.tla; Cmd-CInit4-oopsla19-true-before.task-SetFilter.tla; Cmd-CInit6-arrays-true-before.task-SetFilter.tla; Cmd-CInit6-oopsla19-true-before.task-SetFilter.tla; Cmd-CInit8-arrays-true-before.task-SetFilter.tla; Cmd-CInit8-oopsla19-true-before.task-SetFilter.tla; Cmd-CInit0-arrays-true-before.task-SetMap.tla; Cmd-CInit0-oopsla19-true-before.task-SetMap.tla; Cmd-CInit10-arrays-true-before.task-SetMap.tla; Cmd-CInit10-oopsla19-true-before.task-SetMap.tla; Cmd-CInit12-arrays-true-before.task-SetMap.tla; Cmd-CInit12-oopsla19-true-before.task-SetMap.tla; Cmd-CInit14-arrays-true-before.task-SetMap.tla; Cmd-CInit14-oopsla19-true-before.task-SetMap.tla; Cmd-CInit2-arrays-true-before.task-SetMap.tla; Cmd-CInit2-oopsla19-true-before.task-SetMap.tla; Cmd-CInit4-arrays-true-before.task-SetMap.tla; Cmd-CInit4-oopsla19-true-before.task-SetMap.tla; Cmd-CInit6-arrays-true-before.task-SetMap.tla; Cmd-CInit6-oopsla19-true-before.task-SetMap.tla; Cmd-CInit8-arrays-true-before.task-SetMap.tla; Cmd-CInit8-oopsla19-true-before.task-SetMap.tla; Cmd-CInit0-arrays-true-before.task-SetMembership.tla; Cmd-CInit0-oopsla19-true-before.task-SetMembership.tla; Cmd-CInit10-arrays-true-before.task-SetMembership.tla; Cmd-CInit10-oopsla19-true-before.task-SetMembership.tla; Cmd-CInit12-arrays-true-before.task-SetMembership.tla; Cmd-CInit12-oopsla19-true-before.task-SetMembership.tla; Cmd-CInit14-arrays-true-before.task-SetMembership.tla; Cmd-CInit14-oopsla19-true-before.task-SetMembership.tla; Cmd-CInit2-arrays-true-before.task-SetMembership.tla; Cmd-CInit2-oopsla19-true-before.task-SetMembership.tla; Cmd-CInit4-arrays-true-before.task-SetMembership.tla; Cmd-CInit4-oopsla19-true-before.task-SetMembership.tla; Cmd-CInit6-arrays-true-before.task-SetMembership.tla; Cmd-CInit6-oopsla19-true-before.task-SetMembership.tla; Cmd-CInit8-arrays-true-before.task-SetMembership.tla; Cmd-CInit8-oopsla19-true-before.task-SetMembership.tla; Cmd-CInit0-arrays-true-before.task-SetSndRcv.tla; Cmd-CInit0-oopsla19-true-before.task-SetSndRcv.tla; Cmd-CInit10-arrays-true-before.task-SetSndRcv.tla; Cmd-CInit10-oopsla19-true-before.task-SetSndRcv.tla; Cmd-CInit12-arrays-true-before.task-SetSndRcv.tla; Cmd-CInit12-oopsla19-true-before.task-SetSndRcv.tla; Cmd-CInit14-arrays-true-before.task-SetSndRcv.tla; Cmd-CInit14-oopsla19-true-before.task-SetSndRcv.tla; Cmd-CInit2-arrays-true-before.task-SetSndRcv.tla; Cmd-CInit2-oopsla19-true-before.task-SetSndRcv.tla; Cmd-CInit4-arrays-true-before.task-SetSndRcv.tla; Cmd-CInit4-oopsla19-true-before.task-SetSndRcv.tla; Cmd-CInit6-arrays-true-before.task-SetSndRcv.tla; Cmd-CInit6-oopsla19-true-before.task-SetSndRcv.tla; Cmd-CInit8-arrays-true-before.task-SetSndRcv.tla; Cmd-CInit8-oopsla19-true-before.task-SetSndRcv.tla; Cmd-CInit0-arrays-true-before.task-SetSndRcv_NoFullDrop.tla; Cmd-CInit0-oopsla19-true-before.task-SetSndRcv_NoFullDrop.tla; Cmd-CInit10-arrays-true-before.task-SetSndRcv_NoFullDrop.tla; Cmd-CInit10-oopsla19-true-before.task-SetSndRcv_NoFullDrop.tla; Cmd-CInit12-arrays-true-before.task-SetSndRcv_NoFullDrop.tla; Cmd-CInit12-oopsla19-true-before.task-SetSndRcv_NoFullDrop.tla; Cmd-CInit14-arrays-true-before.task-SetSndRcv_NoFullDrop.tla; Cmd-CInit14-oopsla19-true-before.task-SetSndRcv_NoFullDrop.tla; Cmd-CInit2-arrays-true-before.task-SetSndRcv_NoFullDrop.tla; Cmd-CInit2-oopsla19-true-before.task-SetSndRcv_NoFullDrop.tla; Cmd-CInit4-arrays-true-before.task-SetSndRcv_NoFullDrop.tla; Cmd-CInit4-oopsla19-true-before.task-SetSndRcv_NoFullDrop.tla; Cmd-CInit6-arrays-true-before.task-SetSndRcv_NoFullDrop.tla; Cmd-CInit6-oopsla19-true-before.task-SetSndRcv_NoFullDrop.tla; Cmd-CInit8-arrays-true-before.task-SetSndRcv_NoFullDrop.tla; Cmd-CInit8-oopsla19-true-before.task-SetSndRcv_NoFullDrop.tla; Cmd-CInit0-arrays-true-before.task-Subset.tla; Cmd-CInit0-oopsla19-true-before.task-Subset.tla; Cmd-CInit10-arrays-true-before.task-Subset.tla; Cmd-CInit10-oopsla19-true-before.task-Subset.tla; Cmd-CInit12-arrays-true-before.task-Subset.tla; Cmd-CInit12-oopsla19-true-before.task-Subset.tla; Cmd-CInit14-arrays-true-before.task-Subset.tla; Cmd-CInit14-oopsla19-true-before.task-Subset.tla; Cmd-CInit2-arrays-true-before.task-Subset.tla; Cmd-CInit2-oopsla19-true-before.task-Subset.tla; Cmd-CInit4-arrays-true-before.task-Subset.tla; Cmd-CInit4-oopsla19-true-before.task-Subset.tla; Cmd-CInit6-arrays-true-before.task-Subset.tla; Cmd-CInit6-oopsla19-true-before.task-Subset.tla; Cmd-CInit8-arrays-true-before.task-Subset.tla; Cmd-CInit8-oopsla19-true-before.task-Subset.tla]	[Cmd-CInit0-arrays-true-before.task-FunUse.tla; Cmd-CInit0-oopsla19-true-before.task-FunUse.tla; Cmd-CInit10-arrays-true-before.task-FunUse.tla; Cmd-CInit10-oopsla19-true-before.task-FunUse.tla; Cmd-CInit12-arrays-true-before.task-FunUse.tla; Cmd-CInit12-oopsla19-true-before.task-FunUse.tla; Cmd-CInit14-arrays-true-before.task-FunUse.tla; Cmd-CInit14-oopsla19-true-before.task-FunUse.tla; Cmd-CInit2-arrays-true-before.task-FunUse.tla; Cmd-CInit2-oopsla19-true-before.task-FunUse.tla; Cmd-CInit4-arrays-true-before.task-FunUse.tla; Cmd-CInit4-oopsla19-true-before.task-FunUse.tla; Cmd-CInit6-arrays-true-before.task-FunUse.tla; Cmd-CInit6-oopsla19-true-before.task-FunUse.tla; Cmd-CInit8-arrays-true-before.task-FunUse.tla; Cmd-CInit8-oopsla19-true-before.task-FunUse.tla; Cmd-CInit0-arrays-true-before.task-SetAdd.tla; Cmd-CInit0-oopsla19-true-before.task-SetAdd.tla; Cmd-CInit10-arrays-true-before.task-SetAdd.tla; Cmd-CInit10-oopsla19-true-before.task-SetAdd.tla; Cmd-CInit12-arrays-true-before.task-SetAdd.tla; Cmd-CInit12-oopsla19-true-before.task-SetAdd.tla; Cmd-CInit14-arrays-true-before.task-SetAdd.tla; Cmd-CInit14-oopsla19-true-before.task-SetAdd.tla; Cmd-CInit2-arrays-true-before.task-SetAdd.tla; Cmd-CInit2-oopsla19-true-before.task-SetAdd.tla; Cmd-CInit4-arrays-true-before.task-SetAdd.tla; Cmd-CInit4-oopsla19-true-before.task-SetAdd.tla; Cmd-CInit6-arrays-true-before.task-SetAdd.tla; Cmd-CInit6-oopsla19-true-before.task-SetAdd.tla; Cmd-CInit8-arrays-true-before.task-SetAdd.tla; Cmd-CInit8-oopsla19-true-before.task-SetAdd.tla; Cmd-CInit0-arrays-true-before.task-SetAddDel.tla; Cmd-CInit0-oopsla19-true-before.task-SetAddDel.tla; Cmd-CInit10-arrays-true-before.task-SetAddDel.tla; Cmd-CInit10-oopsla19-true-before.task-SetAddDel.tla; Cmd-CInit12-arrays-true-before.task-SetAddDel.tla; Cmd-CInit12-oopsla19-true-before.task-SetAddDel.tla; Cmd-CInit14-arrays-true-before.task-SetAddDel.tla; Cmd-CInit14-oopsla19-true-before.task-SetAddDel.tla; Cmd-CInit2-arrays-true-before.task-SetAddDel.tla; Cmd-CInit2-oopsla19-true-before.task-SetAddDel.tla; Cmd-CInit4-arrays-true-before.task-SetAddDel.tla; Cmd-CInit4-oopsla19-true-before.task-SetAddDel.tla; Cmd-CInit6-arrays-true-before.task-SetAddDel.tla; Cmd-CInit6-oopsla19-true-before.task-SetAddDel.tla; Cmd-CInit8-arrays-true-before.task-SetAddDel.tla; Cmd-CInit8-oopsla19-true-before.task-SetAddDel.tla; Cmd-CInit0-arrays-true-before.task-SetDel.tla; Cmd-CInit0-oopsla19-true-before.task-SetDel.tla; Cmd-CInit10-arrays-true-before.task-SetDel.tla; Cmd-CInit10-oopsla19-true-before.task-SetDel.tla; Cmd-CInit12-arrays-true-before.task-SetDel.tla; Cmd-CInit12-oopsla19-true-before.task-SetDel.tla; Cmd-CInit14-arrays-true-before.task-SetDel.tla; Cmd-CInit14-oopsla19-true-before.task-SetDel.tla; Cmd-CInit2-arrays-true-before.task-SetDel.tla; Cmd-CInit2-oopsla19-true-before.task-SetDel.tla; Cmd-CInit4-arrays-true-before.task-SetDel.tla; Cmd-CInit4-oopsla19-true-before.task-SetDel.tla; Cmd-CInit6-arrays-true-before.task-SetDel.tla; Cmd-CInit6-oopsla19-true-before.task-SetDel.tla; Cmd-CInit8-arrays-true-before.task-SetDel.tla; Cmd-CInit8-oopsla19-true-before.task-SetDel.tla; Cmd-CInit0-arrays-true-before.task-SetFilter.tla; Cmd-CInit0-oopsla19-true-before.task-SetFilter.tla; Cmd-CInit10-arrays-true-before.task-SetFilter.tla; Cmd-CInit10-oopsla19-true-before.task-SetFilter.tla; Cmd-CInit12-arrays-true-before.task-SetFilter.tla; Cmd-CInit12-oopsla19-true-before.task-SetFilter.tla; Cmd-CInit14-arrays-true-before.task-SetFilter.tla; Cmd-CInit14-oopsla19-true-before.task-SetFilter.tla; Cmd-CInit2-arrays-true-before.task-SetFilter.tla; Cmd-CInit2-oopsla19-true-before.task-SetFilter.tla; Cmd-CInit4-arrays-true-before.task-SetFilter.tla; Cmd-CInit4-oopsla19-true-before.task-SetFilter.tla; Cmd-CInit6-arrays-true-before.task-SetFilter.tla; Cmd-CInit6-oopsla19-true-before.task-SetFilter.tla; Cmd-CInit8-arrays-true-before.task-SetFilter.tla; Cmd-CInit8-oopsla19-true-before.task-SetFilter.tla; Cmd-CInit0-arrays-true-before.task-SetMap.tla; Cmd-CInit0-oopsla19-true-before.task-SetMap.tla; Cmd-CInit10-arrays-true-before.task-SetMap.tla; Cmd-CInit10-oopsla19-true-before.task-SetMap.tla; Cmd-CInit12-arrays-true-before.task-SetMap.tla; Cmd-CInit12-oopsla19-true-before.task-SetMap.tla; Cmd-CInit14-arrays-true-before.task-SetMap.tla; Cmd-CInit14-oopsla19-true-before.task-SetMap.tla; Cmd-CInit2-arrays-true-before.task-SetMap.tla; Cmd-CInit2-oopsla19-true-before.task-SetMap.tla; Cmd-CInit4-arrays-true-before.task-SetMap.tla; Cmd-CInit4-oopsla19-true-before.task-SetMap.tla; Cmd-CInit6-arrays-true-before.task-SetMap.tla; Cmd-CInit6-oopsla19-true-before.task-SetMap.tla; Cmd-CInit8-arrays-true-before.task-SetMap.tla; Cmd-CInit8-oopsla19-true-before.task-SetMap.tla; Cmd-CInit0-arrays-true-before.task-SetMembership.tla; Cmd-CInit0-oopsla19-true-before.task-SetMembership.tla; Cmd-CInit10-arrays-true-before.task-SetMembership.tla; Cmd-CInit10-oopsla19-true-before.task-SetMembership.tla; Cmd-CInit12-arrays-true-before.task-SetMembership.tla; Cmd-CInit12-oopsla19-true-before.task-SetMembership.tla; Cmd-CInit14-arrays-true-before.task-SetMembership.tla; Cmd-CInit14-oopsla19-true-before.task-SetMembership.tla; Cmd-CInit2-arrays-true-before.task-SetMembership.tla; Cmd-CInit2-oopsla19-true-before.task-SetMembership.tla; Cmd-CInit4-arrays-true-before.task-SetMembership.tla; Cmd-CInit4-oopsla19-true-before.task-SetMembership.tla; Cmd-CInit6-arrays-true-before.task-SetMembership.tla; Cmd-CInit6-oopsla19-true-before.task-SetMembership.tla; Cmd-CInit8-arrays-true-before.task-SetMembership.tla; Cmd-CInit8-oopsla19-true-before.task-SetMembership.tla; Cmd-CInit0-arrays-true-before.task-SetSndRcv.tla; Cmd-CInit0-oopsla19-true-before.task-SetSndRcv.tla; Cmd-CInit10-arrays-true-before.task-SetSndRcv.tla; Cmd-CInit10-oopsla19-true-before.task-SetSndRcv.tla; Cmd-CInit12-arrays-true-before.task-SetSndRcv.tla; Cmd-CInit12-oopsla19-true-before.task-SetSndRcv.tla; Cmd-CInit14-arrays-true-before.task-SetSndRcv.tla; Cmd-CInit14-oopsla19-true-before.task-SetSndRcv.tla; Cmd-CInit2-arrays-true-before.task-SetSndRcv.tla; Cmd-CInit2-oopsla19-true-before.task-SetSndRcv.tla; Cmd-CInit4-arrays-true-before.task-SetSndRcv.tla; Cmd-CInit4-oopsla19-true-before.task-SetSndRcv.tla; Cmd-CInit6-arrays-true-before.task-SetSndRcv.tla; Cmd-CInit6-oopsla19-true-before.task-SetSndRcv.tla; Cmd-CInit8-arrays-true-before.task-SetSndRcv.tla; Cmd-CInit8-oopsla19-true-before.task-SetSndRcv.tla; Cmd-CInit0-arrays-true-before.task-SetSndRcv_NoFullDrop.tla; Cmd-CInit0-oopsla19-true-before.task-SetSndRcv_NoFullDrop.tla; Cmd-CInit10-arrays-true-before.task-SetSndRcv_NoFullDrop.tla; Cmd-CInit10-oopsla19-true-before.task-SetSndRcv_NoFullDrop.tla; Cmd-CInit12-arrays-true-before.task-SetSndRcv_NoFullDrop.tla; Cmd-CInit12-oopsla19-true-before.task-SetSndRcv_NoFullDrop.tla; Cmd-CInit14-arrays-true-before.task-SetSndRcv_NoFullDrop.tla; Cmd-CInit14-oopsla19-true-before.task-SetSndRcv_NoFullDrop.tla; Cmd-CInit2-arrays-true-before.task-SetSndRcv_NoFullDrop.tla; Cmd-CInit2-oopsla19-true-before.task-SetSndRcv_NoFullDrop.tla; Cmd-CInit4-arrays-true-before.task-SetSndRcv_NoFullDrop.tla; Cmd-CInit4-oopsla19-true-before.task-SetSndRcv_NoFullDrop.tla; Cmd-CInit6-arrays-true-before.task-SetSndRcv_NoFullDrop.tla; Cmd-CInit6-oopsla19-true-before.task-SetSndRcv_NoFullDrop.tla; Cmd-CInit8-arrays-true-before.task-SetSndRcv_NoFullDrop.tla; Cmd-CInit8-oopsla19-true-before.task-SetSndRcv_NoFullDrop.tla; Cmd-CInit0-arrays-true-before.task-Subset.tla; Cmd-CInit0-oopsla19-true-before.task-Subset.tla; Cmd-CInit10-arrays-true-before.task-Subset.tla; Cmd-CInit10-oopsla19-true-before.task-Subset.tla; Cmd-CInit12-arrays-true-before.task-Subset.tla; Cmd-CInit12-oopsla19-true-before.task-Subset.tla; Cmd-CInit14-arrays-true-before.task-Subset.tla; Cmd-CInit14-oopsla19-true-before.task-Subset.tla; Cmd-CInit2-arrays-true-before.task-Subset.tla; Cmd-CInit2-oopsla19-true-before.task-Subset.tla; Cmd-CInit4-arrays-true-before.task-Subset.tla; Cmd-CInit4-oopsla19-true-before.task-Subset.tla; Cmd-CInit6-arrays-true-before.task-Subset.tla; Cmd-CInit6-oopsla19-true-before.task-Subset.tla; Cmd-CInit8-arrays-true-before.task-Subset.tla; Cmd-CInit8-oopsla19-true-before.task-Subset.tla]	[Cmd-CInit0-arrays-true-before.task-FunUse.tla; Cmd-CInit0-oopsla19-true-before.task-FunUse.tla; Cmd-CInit10-arrays-true-before.task-FunUse.tla; Cmd-CInit10-oopsla19-true-before.task-FunUse.tla; Cmd-CInit12-arrays-true-before.task-FunUse.tla; Cmd-CInit12-oopsla19-true-before.task-FunUse.tla; Cmd-CInit14-arrays-true-before.task-FunUse.tla; Cmd-CInit14-oopsla19-true-before.task-FunUse.tla; Cmd-CInit2-arrays-true-before.task-FunUse.tla; Cmd-CInit2-oopsla19-true-before.task-FunUse.tla; Cmd-CInit4-arrays-true-before.task-FunUse.tla; Cmd-CInit4-oopsla19-true-before.task-FunUse.tla; Cmd-CInit6-arrays-true-before.task-FunUse.tla; Cmd-CInit6-oopsla19-true-before.task-FunUse.tla; Cmd-CInit8-arrays-true-before.task-FunUse.tla; Cmd-CInit8-oopsla19-true-before.task-FunUse.tla; Cmd-CInit0-arrays-true-before.task-SetAdd.tla; Cmd-CInit0-oopsla19-true-before.task-SetAdd.tla; Cmd-CInit10-arrays-true-before.task-SetAdd.tla; Cmd-CInit10-oopsla19-true-before.task-SetAdd.tla; Cmd-CInit12-arrays-true-before.task-SetAdd.tla; Cmd-CInit12-oopsla19-true-before.task-SetAdd.tla; Cmd-CInit14-arrays-true-before.task-SetAdd.tla; Cmd-CInit14-oopsla19-true-before.task-SetAdd.tla; Cmd-CInit2-arrays-true-before.task-SetAdd.tla; Cmd-CInit2-oopsla19-true-before.task-SetAdd.tla; Cmd-CInit4-arrays-true-before.task-SetAdd.tla; Cmd-CInit4-oopsla19-true-before.task-SetAdd.tla; Cmd-CInit6-arrays-true-before.task-SetAdd.tla; Cmd-CInit6-oopsla19-true-before.task-SetAdd.tla; Cmd-CInit8-arrays-true-before.task-SetAdd.tla; Cmd-CInit8-oopsla19-true-before.task-SetAdd.tla; Cmd-CInit0-arrays-true-before.task-SetAddDel.tla; Cmd-CInit0-oopsla19-true-before.task-SetAddDel.tla; Cmd-CInit10-arrays-true-before.task-SetAddDel.tla; Cmd-CInit10-oopsla19-true-before.task-SetAddDel.tla; Cmd-CInit12-arrays-true-before.task-SetAddDel.tla; Cmd-CInit12-oopsla19-true-before.task-SetAddDel.tla; Cmd-CInit14-arrays-true-before.task-SetAddDel.tla; Cmd-CInit14-oopsla19-true-before.task-SetAddDel.tla; Cmd-CInit2-arrays-true-before.task-SetAddDel.tla; Cmd-CInit2-oopsla19-true-before.task-SetAddDel.tla; Cmd-CInit4-arrays-true-before.task-SetAddDel.tla; Cmd-CInit4-oopsla19-true-before.task-SetAddDel.tla; Cmd-CInit6-arrays-true-before.task-SetAddDel.tla; Cmd-CInit6-oopsla19-true-before.task-SetAddDel.tla; Cmd-CInit8-arrays-true-before.task-SetAddDel.tla; Cmd-CInit8-oopsla19-true-before.task-SetAddDel.tla; Cmd-CInit0-arrays-true-before.task-SetDel.tla; Cmd-CInit0-oopsla19-true-before.task-SetDel.tla; Cmd-CInit10-arrays-true-before.task-SetDel.tla; Cmd-CInit10-oopsla19-true-before.task-SetDel.tla; Cmd-CInit12-arrays-true-before.task-SetDel.tla; Cmd-CInit12-oopsla19-true-before.task-SetDel.tla; Cmd-CInit14-arrays-true-before.task-SetDel.tla; Cmd-CInit14-oopsla19-true-before.task-SetDel.tla; Cmd-CInit2-arrays-true-before.task-SetDel.tla; Cmd-CInit2-oopsla19-true-before.task-SetDel.tla; Cmd-CInit4-arrays-true-before.task-SetDel.tla; Cmd-CInit4-oopsla19-true-before.task-SetDel.tla; Cmd-CInit6-arrays-true-before.task-SetDel.tla; Cmd-CInit6-oopsla19-true-before.task-SetDel.tla; Cmd-CInit8-arrays-true-before.task-SetDel.tla; Cmd-CInit8-oopsla19-true-before.task-SetDel.tla; Cmd-CInit0-arrays-true-before.task-SetFilter.tla; Cmd-CInit0-oopsla19-true-before.task-SetFilter.tla; Cmd-CInit10-arrays-true-before.task-SetFilter.tla; Cmd-CInit10-oopsla19-true-before.task-SetFilter.tla; Cmd-CInit12-arrays-true-before.task-SetFilter.tla; Cmd-CInit12-oopsla19-true-before.task-SetFilter.tla; Cmd-CInit14-arrays-true-before.task-SetFilter.tla; Cmd-CInit14-oopsla19-true-before.task-SetFilter.tla; Cmd-CInit2-arrays-true-before.task-SetFilter.tla; Cmd-CInit2-oopsla19-true-before.task-SetFilter.tla; Cmd-CInit4-arrays-true-before.task-SetFilter.tla; Cmd-CInit4-oopsla19-true-before.task-SetFilter.tla; Cmd-CInit6-arrays-true-before.task-SetFilter.tla; Cmd-CInit6-oopsla19-true-before.task-SetFilter.tla; Cmd-CInit8-arrays-true-before.task-SetFilter.tla; Cmd-CInit8-oopsla19-true-before.task-SetFilter.tla; Cmd-CInit0-arrays-true-before.task-SetMap.tla; Cmd-CInit0-oopsla19-true-before.task-SetMap.tla; Cmd-CInit10-arrays-true-before.task-SetMap.tla; Cmd-CInit10-oopsla19-true-before.task-SetMap.tla; Cmd-CInit12-arrays-true-before.task-SetMap.tla; Cmd-CInit12-oopsla19-true-before.task-SetMap.tla; Cmd-CInit14-arrays-true-before.task-SetMap.tla; Cmd-CInit14-oopsla19-true-before.task-SetMap.tla; Cmd-CInit2-arrays-true-before.task-SetMap.tla; Cmd-CInit2-oopsla19-true-before.task-SetMap.tla; Cmd-CInit4-arrays-true-before.task-SetMap.tla; Cmd-CInit4-oopsla19-true-before.task-SetMap.tla; Cmd-CInit6-arrays-true-before.task-SetMap.tla; Cmd-CInit6-oopsla19-true-before.task-SetMap.tla; Cmd-CInit8-arrays-true-before.task-SetMap.tla; Cmd-CInit8-oopsla19-true-before.task-SetMap.tla; Cmd-CInit0-arrays-true-before.task-SetMembership.tla; Cmd-CInit0-oopsla19-true-before.task-SetMembership.tla; Cmd-CInit10-arrays-true-before.task-SetMembership.tla; Cmd-CInit10-oopsla19-true-before.task-SetMembership.tla; Cmd-CInit12-arrays-true-before.task-SetMembership.tla; Cmd-CInit12-oopsla19-true-before.task-SetMembership.tla; Cmd-CInit14-arrays-true-before.task-SetMembership.tla; Cmd-CInit14-oopsla19-true-before.task-SetMembership.tla; Cmd-CInit2-arrays-true-before.task-SetMembership.tla; Cmd-CInit2-oopsla19-true-before.task-SetMembership.tla; Cmd-CInit4-arrays-true-before.task-SetMembership.tla; Cmd-CInit4-oopsla19-true-before.task-SetMembership.tla; Cmd-CInit6-arrays-true-before.task-SetMembership.tla; Cmd-CInit6-oopsla19-true-before.task-SetMembership.tla; Cmd-CInit8-arrays-true-before.task-SetMembership.tla; Cmd-CInit8-oopsla19-true-before.task-SetMembership.tla; Cmd-CInit0-arrays-true-before.task-SetSndRcv.tla; Cmd-CInit0-oopsla19-true-before.task-SetSndRcv.tla; Cmd-CInit10-arrays-true-before.task-SetSndRcv.tla; Cmd-CInit10-oopsla19-true-before.task-SetSndRcv.tla; Cmd-CInit12-arrays-true-before.task-SetSndRcv.tla; Cmd-CInit12-oopsla19-true-before.task-SetSndRcv.tla; Cmd-CInit14-arrays-true-before.task-SetSndRcv.tla; Cmd-CInit14-oopsla19-true-before.task-SetSndRcv.tla; Cmd-CInit2-arrays-true-before.task-SetSndRcv.tla; Cmd-CInit2-oopsla19-true-before.task-SetSndRcv.tla; Cmd-CInit4-arrays-true-before.task-SetSndRcv.tla; Cmd-CInit4-oopsla19-true-before.task-SetSndRcv.tla; Cmd-CInit6-arrays-true-before.task-SetSndRcv.tla; Cmd-CInit6-oopsla19-true-before.task-SetSndRcv.tla; Cmd-CInit8-arrays-true-before.task-SetSndRcv.tla; Cmd-CInit8-oopsla19-true-before.task-SetSndRcv.tla; Cmd-CInit0-arrays-true-before.task-SetSndRcv_NoFullDrop.tla; Cmd-CInit0-oopsla19-true-before.task-SetSndRcv_NoFullDrop.tla; Cmd-CInit10-arrays-true-before.task-SetSndRcv_NoFullDrop.tla; Cmd-CInit10-oopsla19-true-before.task-SetSndRcv_NoFullDrop.tla; Cmd-CInit12-arrays-true-before.task-SetSndRcv_NoFullDrop.tla; Cmd-CInit12-oopsla19-true-before.task-SetSndRcv_NoFullDrop.tla; Cmd-CInit14-arrays-true-before.task-SetSndRcv_NoFullDrop.tla; Cmd-CInit14-oopsla19-true-before.task-SetSndRcv_NoFullDrop.tla; Cmd-CInit2-arrays-true-before.task-SetSndRcv_NoFullDrop.tla; Cmd-CInit2-oopsla19-true-before.task-SetSndRcv_NoFullDrop.tla; Cmd-CInit4-arrays-true-before.task-SetSndRcv_NoFullDrop.tla; Cmd-CInit4-oopsla19-true-before.task-SetSndRcv_NoFullDrop.tla; Cmd-CInit6-arrays-true-before.task-SetSndRcv_NoFullDrop.tla; Cmd-CInit6-oopsla19-true-before.task-SetSndRcv_NoFullDrop.tla; Cmd-CInit8-arrays-true-before.task-SetSndRcv_NoFullDrop.tla; Cmd-CInit8-oopsla19-true-before.task-SetSndRcv_NoFullDrop.tla; Cmd-CInit0-arrays-true-before.task-Subset.tla; Cmd-CInit0-oopsla19-true-before.task-Subset.tla; Cmd-CInit10-arrays-true-before.task-Subset.tla; Cmd-CInit10-oopsla19-true-before.task-Subset.tla; Cmd-CInit12-arrays-true-before.task-Subset.tla; Cmd-CInit12-oopsla19-true-before.task-Subset.tla; Cmd-CInit14-arrays-true-before.task-Subset.tla; Cmd-CInit14-oopsla19-true-before.task-Subset.tla; Cmd-CInit2-arrays-true-before.task-Subset.tla; Cmd-CInit2-oopsla19-true-before.task-Subset.tla; Cmd-CInit4-arrays-true-before.task-Subset.tla; Cmd-CInit4-oopsla19-true-before.task-Subset.tla; Cmd-CInit6-arrays-true-before.task-Subset.tla; Cmd-CInit6-oopsla19-true-before.task-Subset.tla; Cmd-CInit8-arrays-true-before.task-Subset.tla; Cmd-CInit8-oopsla19-true-before.task-Subset.tla]
/home/runner/work/apalache-bench/apalache-bench/parametric/target/scala-2.13/resource_managed/main/		status	cputime (s)	walltime (s)	memory (MB)
003parametric-apalache-001-run-parametric-specs-FunUse.tla-task-FunUse.tla.yml	-0	ERROR (1)	0.817768	0.5948435459999928	51.892224
003parametric-apalache-001-run-parametric-specs-FunUse.tla-task-FunUse.tla.yml	-1	ERROR (1)	0.8508375	0.6023263810000117	51.929088
003parametric-apalache-001-run-parametric-specs-FunUse.tla-task-FunUse.tla.yml	-2	ERROR (1)	0.8876691	0.6442577830000005	51.904512
003parametric-apalache-001-run-parametric-specs-FunUse.tla-task-FunUse.tla.yml	-3	ERROR (1)	0.8108261	0.5713442570000211	51.965952
003parametric-apalache-001-run-parametric-specs-FunUse.tla-task-FunUse.tla.yml	-4	ERROR (1)	0.8439614	0.6182979220000107	52.051968
003parametric-apalache-001-run-parametric-specs-FunUse.tla-task-FunUse.tla.yml	-5	ERROR (1)	0.8459243	0.6012693019999915	53.473280
003parametric-apalache-001-run-parametric-specs-FunUse.tla-task-FunUse.tla.yml	-6	ERROR (1)	0.869136	0.6235230969999748	51.793920
003parametric-apalache-001-run-parametric-specs-FunUse.tla-task-FunUse.tla.yml	-7	ERROR (1)	0.8551674	0.6282280339999033	50.409472
003parametric-apalache-001-run-parametric-specs-FunUse.tla-task-FunUse.tla.yml	-8	ERROR (1)	0.8548592	0.6320552020000036	50.262016
003parametric-apalache-001-run-parametric-specs-FunUse.tla-task-FunUse.tla.yml	-9	ERROR (1)	0.8403772	0.5921058509999853	51.761152
003parametric-apalache-001-run-parametric-specs-FunUse.tla-task-FunUse.tla.yml	-10	ERROR (1)	0.8109443	0.6064642750000075	52.097024
003parametric-apalache-001-run-parametric-specs-FunUse.tla-task-FunUse.tla.yml	-11	ERROR (1)	0.8323299	0.5759735999999975	53.395456
003parametric-apalache-001-run-parametric-specs-FunUse.tla-task-FunUse.tla.yml	-12	ERROR (1)	0.8386863	0.6000204160000067	51.580928
003parametric-apalache-001-run-parametric-specs-FunUse.tla-task-FunUse.tla.yml	-13	ERROR (1)	0.8748576	0.6366030259999889	51.671040
003parametric-apalache-001-run-parametric-specs-FunUse.tla-task-FunUse.tla.yml	-14	ERROR (1)	0.8317323	0.609580698000002	51.601408
003parametric-apalache-001-run-parametric-specs-FunUse.tla-task-FunUse.tla.yml	-15	ERROR (1)	0.8768484	0.6182306559999802	51.900416
003parametric-apalache-001-run-parametric-specs-SetAdd.tla-task-SetAdd.tla.yml	-16	ERROR (1)	0.9030278	0.9303207759999736	50.540544
003parametric-apalache-001-run-parametric-specs-SetAdd.tla-task-SetAdd.tla.yml	-17	ERROR (1)	0.8313468	0.8443682249999824	51.445760
003parametric-apalache-001-run-parametric-specs-SetAdd.tla-task-SetAdd.tla.yml	-18	ERROR (1)	0.861677	0.8278049219999843	50.454528
003parametric-apalache-001-run-parametric-specs-SetAdd.tla-task-SetAdd.tla.yml	-19	ERROR (1)	0.8168466	0.7623774409999555	53.661696
003parametric-apalache-001-run-parametric-specs-SetAdd.tla-task-SetAdd.tla.yml	-20	ERROR (1)	0.8356664	0.835491171000001	52.408320
003parametric-apalache-001-run-parametric-specs-SetAdd.tla-task-SetAdd.tla.yml	-21	ERROR (1)	0.8446766	0.8158938820000117	50.577408
003parametric-apalache-001-run-parametric-specs-SetAdd.tla-task-SetAdd.tla.yml	-22	ERROR (1)	0.8204745	0.7935389910000481	51.589120
003parametric-apalache-001-run-parametric-specs-SetAdd.tla-task-SetAdd.tla.yml	-23	ERROR (1)	0.8537571	0.8840657689999603	54.374400
003parametric-apalache-001-run-parametric-specs-SetAdd.tla-task-SetAdd.tla.yml	-24	ERROR (1)	0.8890893	0.8973067140000239	50.642944
003parametric-apalache-001-run-parametric-specs-SetAdd.tla-task-SetAdd.tla.yml	-25	ERROR (1)	0.8670157	0.8728541639999889	51.421184
003parametric-apalache-001-run-parametric-specs-SetAdd.tla-task-SetAdd.tla.yml	-26	ERROR (1)	0.8647305	0.913212451999982	50.483200
003parametric-apalache-001-run-parametric-specs-SetAdd.tla-task-SetAdd.tla.yml	-27	ERROR (1)	0.8257367	0.793229752000002	51.937280
003parametric-apalache-001-run-parametric-specs-SetAdd.tla-task-SetAdd.tla.yml	-28	ERROR (1)	0.8331085	0.8400200949999999	50.520064
003parametric-apalache-001-run-parametric-specs-SetAdd.tla-task-SetAdd.tla.yml	-29	ERROR (1)	0.8436321	0.8219700040000362	50.409472
003parametric-apalache-001-run-parametric-specs-SetAdd.tla-task-SetAdd.tla.yml	-30	ERROR (1)	0.8601032	0.8906851200000006	51.675136
003parametric-apalache-001-run-parametric-specs-SetAdd.tla-task-SetAdd.tla.yml	-31	ERROR (1)	0.8882148	0.9203662440000357	51.265536
003parametric-apalache-001-run-parametric-specs-SetAddDel.tla-task-SetAddDel.tla.yml	-32	ERROR (1)	0.910061	1.2627074420000213	50.507776
003parametric-apalache-001-run-parametric-specs-SetAddDel.tla-task-SetAddDel.tla.yml	-33	ERROR (1)	0.8701486	0.8199158520000083	51.994624
003parametric-apalache-001-run-parametric-specs-SetAddDel.tla-task-SetAddDel.tla.yml	-34	ERROR (1)	0.8316768	0.8264319529999966	52.047872
003parametric-apalache-001-run-parametric-specs-SetAddDel.tla-task-SetAddDel.tla.yml	-35	ERROR (1)	0.8286456	0.7806091609999726	52.531200
003parametric-apalache-001-run-parametric-specs-SetAddDel.tla-task-SetAddDel.tla.yml	-36	ERROR (1)	0.8282099	0.8184228540000049	52.682752
003parametric-apalache-001-run-parametric-specs-SetAddDel.tla-task-SetAddDel.tla.yml	-37	ERROR (1)	0.8602512	0.8453787839999904	51.970048
003parametric-apalache-001-run-parametric-specs-SetAddDel.tla-task-SetAddDel.tla.yml	-38	ERROR (1)	0.8252372	0.7833674459999997	52.539392
003parametric-apalache-001-run-parametric-specs-SetAddDel.tla-task-SetAddDel.tla.yml	-39	ERROR (1)	0.881213	0.887689910000006	50.188288
003parametric-apalache-001-run-parametric-specs-SetAddDel.tla-task-SetAddDel.tla.yml	-40	ERROR (1)	0.8226225	0.7601173449999692	52.387840
003parametric-apalache-001-run-parametric-specs-SetAddDel.tla-task-SetAddDel.tla.yml	-41	ERROR (1)	0.8260005	0.7914451399999507	50.524160
003parametric-apalache-001-run-parametric-specs-SetAddDel.tla-task-SetAddDel.tla.yml	-42	ERROR (1)	0.8837197	0.9091079700000364	50.454528
003parametric-apalache-001-run-parametric-specs-SetAddDel.tla-task-SetAddDel.tla.yml	-43	ERROR (1)	0.8898257	0.8798551759999782	52.563968
003parametric-apalache-001-run-parametric-specs-SetAddDel.tla-task-SetAddDel.tla.yml	-44	ERROR (1)	0.8378603	0.8199238860000264	50.737152
003parametric-apalache-001-run-parametric-specs-SetAddDel.tla-task-SetAddDel.tla.yml	-45	ERROR (1)	0.8133856	0.8212854839999864	50.417664
003parametric-apalache-001-run-parametric-specs-SetAddDel.tla-task-SetAddDel.tla.yml	-46	ERROR (1)	0.8493588	0.8065958330000171	50.487296
003parametric-apalache-001-run-parametric-specs-SetAddDel.tla-task-SetAddDel.tla.yml	-47	ERROR (1)	0.8544355	0.8150399369999946	50.552832
003parametric-apalache-001-run-parametric-specs-SetDel.tla-task-SetDel.tla.yml	-48	ERROR (1)	0.8638762	0.8384906069999829	51.253248
003parametric-apalache-001-run-parametric-specs-SetDel.tla-task-SetDel.tla.yml	-49	ERROR (1)	0.872364	0.888169462999997	50.425856
003parametric-apalache-001-run-parametric-specs-SetDel.tla-task-SetDel.tla.yml	-50	ERROR (1)	0.844081	0.8791796520000048	50.462720
003parametric-apalache-001-run-parametric-specs-SetDel.tla-task-SetDel.tla.yml	-51	ERROR (1)	0.8681073	0.8630999080000379	50.425856
003parametric-apalache-001-run-parametric-specs-SetDel.tla-task-SetDel.tla.yml	-52	ERROR (1)	0.8843907	0.8806343570000195	50.614272
003parametric-apalache-001-run-parametric-specs-SetDel.tla-task-SetDel.tla.yml	-53	ERROR (1)	0.8180169	0.8159021630000325	50.688000
003parametric-apalache-001-run-parametric-specs-SetDel.tla-task-SetDel.tla.yml	-54	ERROR (1)	0.8570278	0.8274467939999681	50.479104
003parametric-apalache-001-run-parametric-specs-SetDel.tla-task-SetDel.tla.yml	-55	ERROR (1)	0.8453534	0.810517974999982	51.769344
003parametric-apalache-001-run-parametric-specs-SetDel.tla-task-SetDel.tla.yml	-56	ERROR (1)	0.8941642	0.9083642080000232	52.404224
003parametric-apalache-001-run-parametric-specs-SetDel.tla-task-SetDel.tla.yml	-57	ERROR (1)	0.9096248	0.9075440489999664	50.556928
003parametric-apalache-001-run-parametric-specs-SetDel.tla-task-SetDel.tla.yml	-58	ERROR (1)	0.814549	0.7840897030000065	50.442240
003parametric-apalache-001-run-parametric-specs-SetDel.tla-task-SetDel.tla.yml	-59	ERROR (1)	0.828728	0.8300225550000278	50.573312
003parametric-apalache-001-run-parametric-specs-SetDel.tla-task-SetDel.tla.yml	-60	ERROR (1)	0.8347929	0.8339434330000017	50.700288
003parametric-apalache-001-run-parametric-specs-SetDel.tla-task-SetDel.tla.yml	-61	ERROR (1)	0.8332044	0.8029934310000044	50.540544
003parametric-apalache-001-run-parametric-specs-SetDel.tla-task-SetDel.tla.yml	-62	ERROR (1)	0.8284901	0.8193943979999858	50.573312
003parametric-apalache-001-run-parametric-specs-SetDel.tla-task-SetDel.tla.yml	-63	ERROR (1)	0.8690479	0.8726176849999661	50.528256
003parametric-apalache-001-run-parametric-specs-SetFilter.tla-task-SetFilter.tla.yml	-64	ERROR (1)	0.85297	0.8503822590000141	53.686272
003parametric-apalache-001-run-parametric-specs-SetFilter.tla-task-SetFilter.tla.yml	-65	ERROR (1)	0.8236553	0.7879127730000164	50.446336
003parametric-apalache-001-run-parametric-specs-SetFilter.tla-task-SetFilter.tla.yml	-66	ERROR (1)	0.8127614	0.7618684239999993	50.417664
003parametric-apalache-001-run-parametric-specs-SetFilter.tla-task-SetFilter.tla.yml	-67	ERROR (1)	0.8206532	0.8181375510000066	50.577408
003parametric-apalache-001-run-parametric-specs-SetFilter.tla-task-SetFilter.tla.yml	-68	ERROR (1)	0.8699541	0.8483809159999964	50.642944
003parametric-apalache-001-run-parametric-specs-SetFilter.tla-task-SetFilter.tla.yml	-69	ERROR (1)	0.8834622	0.8493560850000108	51.765248
003parametric-apalache-001-run-parametric-specs-SetFilter.tla-task-SetFilter.tla.yml	-70	ERROR (1)	0.8308728	0.8236012419999952	50.446336
003parametric-apalache-001-run-parametric-specs-SetFilter.tla-task-SetFilter.tla.yml	-71	ERROR (1)	0.8644985	0.8207221359999721	51.707904
003parametric-apalache-001-run-parametric-specs-SetFilter.tla-task-SetFilter.tla.yml	-72	ERROR (1)	0.873734	0.848291592999999	50.778112
003parametric-apalache-001-run-parametric-specs-SetFilter.tla-task-SetFilter.tla.yml	-73	ERROR (1)	0.8646065	0.848733325000012	50.466816
003parametric-apalache-001-run-parametric-specs-SetFilter.tla-task-SetFilter.tla.yml	-74	ERROR (1)	0.8080286	0.7966963029999761	50.434048
003parametric-apalache-001-run-parametric-specs-SetFilter.tla-task-SetFilter.tla.yml	-75	ERROR (1)	0.8305566	0.8291778259999774	51.777536
003parametric-apalache-001-run-parametric-specs-SetFilter.tla-task-SetFilter.tla.yml	-76	ERROR (1)	0.8226806	0.8182424440000204	50.495488
003parametric-apalache-001-run-parametric-specs-SetFilter.tla-task-SetFilter.tla.yml	-77	ERROR (1)	0.8368242	0.7867263880000337	52.064256
003parametric-apalache-001-run-parametric-specs-SetFilter.tla-task-SetFilter.tla.yml	-78	ERROR (1)	0.8346567	0.7989709650000236	50.487296
003parametric-apalache-001-run-parametric-specs-SetFilter.tla-task-SetFilter.tla.yml	-79	ERROR (1)	0.8503229	0.852129079000008	50.724864
003parametric-apalache-001-run-parametric-specs-SetMap.tla-task-SetMap.tla.yml	-80	ERROR (1)	0.8224656	0.7817994900000258	51.949568
003parametric-apalache-001-run-parametric-specs-SetMap.tla-task-SetMap.tla.yml	-81	ERROR (1)	0.9009706	0.8739555590000236	51.085312
003parametric-apalache-001-run-parametric-specs-SetMap.tla-task-SetMap.tla.yml	-82	ERROR (1)	0.855712	0.737001647999989	51.855360
003parametric-apalache-001-run-parametric-specs-SetMap.tla-task-SetMap.tla.yml	-83	ERROR (1)	0.8426266	0.6369865759999698	52.621312
003parametric-apalache-001-run-parametric-specs-SetMap.tla-task-SetMap.tla.yml	-84	ERROR (1)	0.8439848	0.6199843560000318	51.814400
003parametric-apalache-001-run-parametric-specs-SetMap.tla-task-SetMap.tla.yml	-85	ERROR (1)	0.8488302	0.6615889400000015	52.105216
003parametric-apalache-001-run-parametric-specs-SetMap.tla-task-SetMap.tla.yml	-86	ERROR (1)	0.818368	0.6416963139999439	52.404224
003parametric-apalache-001-run-parametric-specs-SetMap.tla-task-SetMap.tla.yml	-87	ERROR (1)	0.8607931	0.8364831810000055	50.888704
003parametric-apalache-001-run-parametric-specs-SetMap.tla-task-SetMap.tla.yml	-88	ERROR (1)	0.8603962	0.8095043609999948	51.986432
003parametric-apalache-001-run-parametric-specs-SetMap.tla-task-SetMap.tla.yml	-89	ERROR (1)	0.8166408	0.7761019779999856	50.536448
003parametric-apalache-001-run-parametric-specs-SetMap.tla-task-SetMap.tla.yml	-90	ERROR (1)	0.8157602	0.8219079450000208	50.544640
003parametric-apalache-001-run-parametric-specs-SetMap.tla-task-SetMap.tla.yml	-91	ERROR (1)	0.8828146	0.871761303000028	50.601984
003parametric-apalache-001-run-parametric-specs-SetMap.tla-task-SetMap.tla.yml	-92	ERROR (1)	0.8475497	0.8368568120000077	52.449280
003parametric-apalache-001-run-parametric-specs-SetMap.tla-task-SetMap.tla.yml	-93	ERROR (1)	0.8834481	0.8722393369999963	52.793344
003parametric-apalache-001-run-parametric-specs-SetMap.tla-task-SetMap.tla.yml	-94	ERROR (1)	0.8831325	0.8427608840000289	52.068352
003parametric-apalache-001-run-parametric-specs-SetMap.tla-task-SetMap.tla.yml	-95	ERROR (1)	0.8438161	0.8221294520000129	50.360320
003parametric-apalache-001-run-parametric-specs-SetMembership.tla-task-SetMembership.tla.yml	-96	ERROR (1)	0.8372172	0.8183088469999689	50.606080
003parametric-apalache-001-run-parametric-specs-SetMembership.tla-task-SetMembership.tla.yml	-97	ERROR (1)	0.8397659	0.8736455060000026	50.507776
003parametric-apalache-001-run-parametric-specs-SetMembership.tla-task-SetMembership.tla.yml	-98	ERROR (1)	0.8158231	0.7562094070000285	50.298880
003parametric-apalache-001-run-parametric-specs-SetMembership.tla-task-SetMembership.tla.yml	-99	ERROR (1)	0.8576309	0.8677308629999629	50.745344
003parametric-apalache-001-run-parametric-specs-SetMembership.tla-task-SetMembership.tla.yml	-100	ERROR (1)	0.8371004	0.8778547840000215	50.503680
003parametric-apalache-001-run-parametric-specs-SetMembership.tla-task-SetMembership.tla.yml	-101	ERROR (1)	0.8027331	0.76293220499997	50.454528
003parametric-apalache-001-run-parametric-specs-SetMembership.tla-task-SetMembership.tla.yml	-102	ERROR (1)	0.8431981	0.8775350619999926	50.556928
003parametric-apalache-001-run-parametric-specs-SetMembership.tla-task-SetMembership.tla.yml	-103	ERROR (1)	0.8494149	0.8262983150000309	50.495488
003parametric-apalache-001-run-parametric-specs-SetMembership.tla-task-SetMembership.tla.yml	-104	ERROR (1)	0.8775262	0.8949889339999686	50.556928
003parametric-apalache-001-run-parametric-specs-SetMembership.tla-task-SetMembership.tla.yml	-105	ERROR (1)	0.8593507	0.8471087110000326	52.252672
003parametric-apalache-001-run-parametric-specs-SetMembership.tla-task-SetMembership.tla.yml	-106	ERROR (1)	0.811677	0.8111057350000124	52.408320
003parametric-apalache-001-run-parametric-specs-SetMembership.tla-task-SetMembership.tla.yml	-107	ERROR (1)	0.8223067	0.8293537399999877	50.638848
003parametric-apalache-001-run-parametric-specs-SetMembership.tla-task-SetMembership.tla.yml	-108	ERROR (1)	0.8284482	0.7999852390000228	50.622464
003parametric-apalache-001-run-parametric-specs-SetMembership.tla-task-SetMembership.tla.yml	-109	ERROR (1)	0.8226687	0.8107041060000029	50.470912
003parametric-apalache-001-run-parametric-specs-SetMembership.tla-task-SetMembership.tla.yml	-110	ERROR (1)	0.8188356	0.8357790000000023	50.417664
003parametric-apalache-001-run-parametric-specs-SetMembership.tla-task-SetMembership.tla.yml	-111	ERROR (1)	0.8970931	0.835521282000002	52.117504
003parametric-apalache-001-run-parametric-specs-SetSndRcv.tla-task-SetSndRcv.tla.yml	-112	ERROR (1)	0.814959	0.584838035999951	51.822592
003parametric-apalache-001-run-parametric-specs-SetSndRcv.tla-task-SetSndRcv.tla.yml	-113	ERROR (1)	0.8153825	0.5875599819999593	51.707904
003parametric-apalache-001-run-parametric-specs-SetSndRcv.tla-task-SetSndRcv.tla.yml	-114	ERROR (1)	0.8146971	0.5777104430000009	53.985280
003parametric-apalache-001-run-parametric-specs-SetSndRcv.tla-task-SetSndRcv.tla.yml	-115	ERROR (1)	0.8202608	0.5984868289999667	51.986432
003parametric-apalache-001-run-parametric-specs-SetSndRcv.tla-task-SetSndRcv.tla.yml	-116	ERROR (1)	0.8422731	0.6189400959999602	53.428224
003parametric-apalache-001-run-parametric-specs-SetSndRcv.tla-task-SetSndRcv.tla.yml	-117	ERROR (1)	0.821974	0.6178825199999665	51.003392
003parametric-apalache-001-run-parametric-specs-SetSndRcv.tla-task-SetSndRcv.tla.yml	-118	ERROR (1)	0.8448535	0.5861065459999963	53.706752
003parametric-apalache-001-run-parametric-specs-SetSndRcv.tla-task-SetSndRcv.tla.yml	-119	ERROR (1)	0.8387287	0.6234488179999857	52.137984
003parametric-apalache-001-run-parametric-specs-SetSndRcv.tla-task-SetSndRcv.tla.yml	-120	ERROR (1)	0.8189373	0.6051192040000046	52.277248
003parametric-apalache-001-run-parametric-specs-SetSndRcv.tla-task-SetSndRcv.tla.yml	-121	ERROR (1)	0.8992488	0.7298648299999968	51.548160
003parametric-apalache-001-run-parametric-specs-SetSndRcv.tla-task-SetSndRcv.tla.yml	-122	ERROR (1)	0.8332558	0.6826990550000005	51.953664
003parametric-apalache-001-run-parametric-specs-SetSndRcv.tla-task-SetSndRcv.tla.yml	-123	ERROR (1)	0.8782242	0.6478810639999892	52.404224
003parametric-apalache-001-run-parametric-specs-SetSndRcv.tla-task-SetSndRcv.tla.yml	-124	ERROR (1)	0.8152654	0.6647701719999759	50.262016
003parametric-apalache-001-run-parametric-specs-SetSndRcv.tla-task-SetSndRcv.tla.yml	-125	ERROR (1)	0.8827475	0.6544004300000097	50.753536
003parametric-apalache-001-run-parametric-specs-SetSndRcv.tla-task-SetSndRcv.tla.yml	-126	ERROR (1)	0.809966	0.5889814480000268	51.666944
003parametric-apalache-001-run-parametric-specs-SetSndRcv.tla-task-SetSndRcv.tla.yml	-127	ERROR (1)	0.8069602	0.58287161100003	51.810304
003parametric-apalache-001-run-parametric-specs-SetSndRcv_NoFullDrop.tla-task-SetSndRcv_NoFullDrop.tla.yml	-128	ERROR (1)	0.8144153	0.5776096380000126	53.460992
003parametric-apalache-001-run-parametric-specs-SetSndRcv_NoFullDrop.tla-task-SetSndRcv_NoFullDrop.tla.yml	-129	ERROR (1)	0.8430228	0.6313235819999932	51.748864
003parametric-apalache-001-run-parametric-specs-SetSndRcv_NoFullDrop.tla-task-SetSndRcv_NoFullDrop.tla.yml	-130	ERROR (1)	0.8523406	0.7014100009999993	51.970048
003parametric-apalache-001-run-parametric-specs-SetSndRcv_NoFullDrop.tla-task-SetSndRcv_NoFullDrop.tla.yml	-131	ERROR (1)	0.8259187	0.5904930620000073	51.593216
003parametric-apalache-001-run-parametric-specs-SetSndRcv_NoFullDrop.tla-task-SetSndRcv_NoFullDrop.tla.yml	-132	ERROR (1)	0.8041035	0.5799045050000018	51.728384
003parametric-apalache-001-run-parametric-specs-SetSndRcv_NoFullDrop.tla-task-SetSndRcv_NoFullDrop.tla.yml	-133	ERROR (1)	0.8225905	0.5792249550000292	53.551104
003parametric-apalache-001-run-parametric-specs-SetSndRcv_NoFullDrop.tla-task-SetSndRcv_NoFullDrop.tla.yml	-134	ERROR (1)	0.8867634	0.6226796660000105	51.781632
003parametric-apalache-001-run-parametric-specs-SetSndRcv_NoFullDrop.tla-task-SetSndRcv_NoFullDrop.tla.yml	-135	ERROR (1)	0.8402061	0.58285971600003	52.092928
003parametric-apalache-001-run-parametric-specs-SetSndRcv_NoFullDrop.tla-task-SetSndRcv_NoFullDrop.tla.yml	-136	ERROR (1)	0.8343186	0.5844203249999964	51.499008
003parametric-apalache-001-run-parametric-specs-SetSndRcv_NoFullDrop.tla-task-SetSndRcv_NoFullDrop.tla.yml	-137	ERROR (1)	0.850253	0.5803983370000196	51.838976
003parametric-apalache-001-run-parametric-specs-SetSndRcv_NoFullDrop.tla-task-SetSndRcv_NoFullDrop.tla.yml	-138	ERROR (1)	0.8459183	0.6177246089999926	53.174272
003parametric-apalache-001-run-parametric-specs-SetSndRcv_NoFullDrop.tla-task-SetSndRcv_NoFullDrop.tla.yml	-139	ERROR (1)	0.8354836	0.606848231000015	52.166656
003parametric-apalache-001-run-parametric-specs-SetSndRcv_NoFullDrop.tla-task-SetSndRcv_NoFullDrop.tla.yml	-140	ERROR (1)	0.8627521	0.650255039000001	51.863552
003parametric-apalache-001-run-parametric-specs-SetSndRcv_NoFullDrop.tla-task-SetSndRcv_NoFullDrop.tla.yml	-141	ERROR (1)	0.835118	0.6022818060000077	50.495488
003parametric-apalache-001-run-parametric-specs-SetSndRcv_NoFullDrop.tla-task-SetSndRcv_NoFullDrop.tla.yml	-142	ERROR (1)	0.8403613	0.5997575250000295	51.576832
003parametric-apalache-001-run-parametric-specs-SetSndRcv_NoFullDrop.tla-task-SetSndRcv_NoFullDrop.tla.yml	-143	ERROR (1)	0.8294947	0.5725086749999946	51.859456
003parametric-apalache-001-run-parametric-specs-Subset.tla-task-Subset.tla.yml	-144	ERROR (1)	0.8642415	0.8736838869999701	52.240384
003parametric-apalache-001-run-parametric-specs-Subset.tla-task-Subset.tla.yml	-145	ERROR (1)	0.864289	0.8861226020000004	50.700288
003parametric-apalache-001-run-parametric-specs-Subset.tla-task-Subset.tla.yml	-146	ERROR (1)	0.8283011	0.8294558599999959	50.774016
003parametric-apalache-001-run-parametric-specs-Subset.tla-task-Subset.tla.yml	-147	ERROR (1)	0.8597953	0.8784474670000009	50.479104
003parametric-apalache-001-run-parametric-specs-Subset.tla-task-Subset.tla.yml	-148	ERROR (1)	0.8927928	0.9108144829999674	50.601984
003parametric-apalache-001-run-parametric-specs-Subset.tla-task-Subset.tla.yml	-149	ERROR (1)	0.8407656	0.8051508209999838	50.503680
003parametric-apalache-001-run-parametric-specs-Subset.tla-task-Subset.tla.yml	-150	ERROR (1)	0.8421636	0.8454907079999998	50.884608
003parametric-apalache-001-run-parametric-specs-Subset.tla-task-Subset.tla.yml	-151	ERROR (1)	0.8758558	0.8458384329999831	52.338688
003parametric-apalache-001-run-parametric-specs-Subset.tla-task-Subset.tla.yml	-152	ERROR (1)	0.8879136	0.9012697630000162	50.606080
003parametric-apalache-001-run-parametric-specs-Subset.tla-task-Subset.tla.yml	-153	ERROR (1)	0.8120317	0.8206962819999717	50.491392
003parametric-apalache-001-run-parametric-specs-Subset.tla-task-Subset.tla.yml	-154	ERROR (1)	0.8841167	0.8778016790000152	50.618368
003parametric-apalache-001-run-parametric-specs-Subset.tla-task-Subset.tla.yml	-155	ERROR (1)	0.837222	0.8375046880000241	50.491392
003parametric-apalache-001-run-parametric-specs-Subset.tla-task-Subset.tla.yml	-156	ERROR (1)	0.8298106	0.7944824019999714	50.655232
003parametric-apalache-001-run-parametric-specs-Subset.tla-task-Subset.tla.yml	-157	ERROR (1)	0.8148794	0.8085174090000464	50.524160
003parametric-apalache-001-run-parametric-specs-Subset.tla-task-Subset.tla.yml	-158	ERROR (1)	0.8711736	0.8904999900000234	50.413568
003parametric-apalache-001-run-parametric-specs-Subset.tla-task-Subset.tla.yml	-159	ERROR (1)	0.8690053	0.833090871999957	52.740096
